row_number,prediction
1,[ 0.43490097]
2,[ 0.15489343]
3,[ 0.65762055]
4,[ 0.3778016]
5,[ 0.16256313]
6,[ 0.58016396]
7,[ 0.371057]
8,[ 0.63840115]
9,[ 0.10378027]
10,[ 0.70873171]
11,[ 0.71223301]
12,[ 0.0815662]
13,[ 0.64461696]
14,[ 0.77562892]
15,[ 0.32518503]
16,[ 0.73838687]
17,[ 0.24991819]
18,[ 0.62536466]
19,[ 0.81290603]
20,[ 0.26843703]
21,[ 0.67410368]
22,[ 0.23046549]
23,[ 0.68659133]
24,[ 0.6377216]
25,[ 0.29894701]
26,[ 0.61841762]
27,[ 0.53910768]
28,[ 0.33385256]
29,[ 0.66669899]
30,[ 0.63592964]
31,[ 0.52048534]
32,[ 0.61737311]
33,[ 0.69033033]
34,[ 0.64310068]
35,[ 0.76382822]
36,[ 0.5589965]
37,[ 0.82630348]
38,[ 0.60047394]
39,[ 0.12428442]
40,[ 0.67111164]
41,[ 0.67550188]
42,[ 0.86576802]
43,[ 0.65036494]
44,[ 0.67882168]
45,[ 0.66195923]
46,[ 0.51670533]
47,[ 0.16294226]
48,[ 0.69615924]
49,[ 0.31923351]
50,[ 0.71768427]
51,[ 0.02689789]
52,[ 0.60841942]
53,[ 0.67855161]
54,[ 0.53971463]
55,[ 0.4624449]
56,[ 0.84648836]
57,[ 0.62713635]
58,[ 0.59713215]
59,[ 0.69262302]
60,[ 0.67321151]
61,[ 0.4517082]
62,[ 0.46832347]
63,[ 0.64458752]
64,[ 0.74719876]
65,[ 0.56255645]
66,[ 0.36160693]
67,[ 0.59448147]
68,[ 0.71774703]
69,[ 0.69958699]
70,[ 0.57663769]
71,[ 0.78232986]
72,[ 0.61844075]
73,[ 0.34235373]
74,[ 0.63128465]
75,[ 0.78086817]
76,[ 0.44343719]
77,[ 0.65809208]
78,[ 0.63047504]
79,[ 0.742823]
80,[ 0.62488204]
81,[ 0.18989241]
82,[ 0.84534109]
83,[ 0.44635293]
84,[ 0.47870782]
85,[ 0.84371281]
86,[ 0.18054101]
87,[ 0.72922462]
88,[ 0.70413768]
89,[ 0.28026062]
90,[ 0.26509041]
91,[ 0.28866786]
92,[ 0.04327897]
93,[ 0.42466998]
94,[ 0.11902068]
95,[ 0.67042536]
96,[ 0.51557797]
97,[ 0.13360362]
98,[ 0.57276136]
99,[ 0.18139896]
100,[ 0.79134387]
101,[ 0.80770487]
102,[ 0.30106199]
103,[ 0.40397495]
104,[ 0.7053144]
105,[ 0.33415195]
106,[ 0.199791]
107,[ 0.28508928]
108,[ 0.74790746]
109,[ 0.50108355]
110,[ 0.67820638]
111,[ 0.00038726]
112,[ 0.56672066]
113,[ 0.464156]
114,[ 0.3322255]
115,[ 0.25470465]
116,[ 0.2692394]
117,[ 0.17898607]
118,[ 0.00025885]
119,[ 0.55601585]
120,[ 0.31513467]
121,[ 0.61093378]
122,[ 0.60941046]
123,[ 0.49860319]
124,[ 0.5221588]
125,[ 0.27868241]
126,[ 0.46986163]
127,[ 0.13128413]
128,[ 0.12879351]
129,[ 0.53858113]
130,[ 0.26078752]
131,[ 0.47639441]
132,[ 0.12767123]
133,[ 0.4931244]
134,[ 0.28429872]
135,[ 0.2025847]
136,[ 0.77702731]
137,[ 0.00032622]
138,[ 0.46594441]
139,[ 0.5943417]
140,[ 0.55368352]
141,[ 0.60229951]
142,[ 0.38040677]
143,[ 0.60094082]
144,[ 0.52395123]
145,[ 0.2359077]
146,[ 0.69862348]
147,[ 0.27427748]
148,[ 0.61548018]
149,[ 0.59357405]
150,[ 0.63948452]
151,[ 0.65382606]
152,[ 0.6331954]
153,[ 0.5710035]
154,[ 0.4367308]
155,[ 0.54513282]
156,[ 0.32610306]
157,[ 0.59493548]
158,[ 0.46728662]
159,[ 0.82402021]
160,[  1.77251593e-06]
161,[ 0.23098448]
162,[ 0.65775317]
163,[ 0.45436877]
164,[ 0.37710226]
165,[ 0.11104113]
166,[ 0.18433258]
167,[ 0.48406041]
168,[ 0.25850871]
169,[ 0.67501956]
170,[ 0.72091711]
171,[ 0.56991571]
172,[ 0.41579893]
173,[ 0.62093675]
174,[ 0.53213704]
175,[ 0.50395107]
176,[ 0.68296379]
177,[ 0.61202979]
178,[ 0.34239188]
179,[ 0.62736887]
180,[ 0.68032336]
181,[ 0.58919322]
182,[ 0.5510034]
183,[ 0.76635295]
184,[ 0.55404127]
185,[ 0.64556354]
186,[ 0.02328833]
187,[ 0.36574733]
188,[ 0.53438771]
189,[ 0.62521303]
190,[ 0.35880291]
191,[ 0.36796477]
192,[ 0.5419966]
193,[ 0.88659567]
194,[ 0.59668589]
195,[ 0.60947275]
196,[ 0.10417854]
197,[ 0.5782873]
198,[ 0.77764273]
199,[ 0.75391817]
200,[ 0.58811975]
201,[ 0.7608639]
202,[ 0.58731431]
203,[ 0.68092096]
204,[ 0.27133992]
205,[ 0.5812946]
206,[ 0.04953459]
207,[ 0.49699843]
208,[ 0.12181115]
209,[ 0.33132347]
210,[ 0.62530744]
211,[ 0.80635214]
212,[ 0.3266868]
213,[ 0.00386514]
214,[ 0.26456398]
215,[ 0.66191077]
216,[ 0.80477887]
217,[ 0.63125825]
218,[ 0.70100522]
219,[ 0.00030073]
220,[ 0.1086772]
221,[ 0.78090429]
222,[ 0.28880712]
223,[ 0.40815496]
224,[ 0.6535638]
225,[ 0.69585174]
226,[ 0.20466246]
227,[ 0.78512377]
228,[ 0.79641944]
229,[ 0.27252513]
230,[ 0.48436126]
231,[ 0.7019062]
232,[ 0.55629873]
233,[ 0.61622256]
234,[ 0.50716317]
235,[ 0.60475618]
236,[ 0.73978716]
237,[ 0.3198027]
238,[ 0.37186298]
239,[ 0.76310986]
240,[ 0.59156263]
241,[ 0.66302836]
242,[ 0.52099705]
243,[ 0.25068784]
244,[ 0.00145504]
245,[ 0.58755523]
246,[ 0.20376199]
247,[ 0.53914344]
248,[ 0.61703962]
249,[ 0.57827711]
250,[ 0.29831469]
251,[ 0.16758631]
252,[ 0.89499128]
253,[ 0.65686363]
254,[ 0.34053186]
255,[ 0.05434133]
256,[ 0.74939674]
257,[ 0.70350182]
258,[ 0.38616809]
259,[ 0.61958504]
260,[ 0.65493274]
261,[ 0.68463206]
262,[ 0.66257274]
263,[ 0.4350909]
264,[ 0.88015413]
265,[ 0.72520667]
266,[ 0.48698607]
267,[ 0.19580929]
268,[ 0.61496621]
269,[ 0.67211324]
270,[ 0.17373076]
271,[ 0.4987742]
272,[ 0.19418752]
273,[ 0.44484437]
274,[ 0.3633073]
275,[ 0.62402326]
276,[ 0.61164093]
277,[ 0.58146584]
278,[ 0.58964688]
279,[ 0.80589527]
280,[ 0.4144398]
281,[ 0.66901553]
282,[ 0.59893984]
283,[ 0.20274128]
284,[ 0.65492386]
285,[ 0.08875674]
286,[ 0.25386474]
287,[ 0.7475512]
288,[ 0.54303181]
289,[ 0.80494684]
290,[ 0.49439752]
291,[ 0.43645939]
292,[ 0.14232792]
293,[ 0.530604]
294,[ 0.81028467]
295,[ 0.54111147]
296,[ 0.32816425]
297,[ 0.82152379]
298,[ 0.49192968]
299,[ 0.30766347]
300,[ 0.52139008]
301,[ 0.53304696]
302,[ 0.14605203]
303,[ 0.59001756]
304,[ 0.423372]
305,[ 0.71305978]
306,[ 0.00225102]
307,[ 0.67604703]
308,[ 0.12417124]
309,[ 0.40042171]
310,[ 0.67628002]
311,[ 0.73400813]
312,[ 0.41560295]
313,[ 0.16343103]
314,[ 0.47493204]
315,[ 0.54887795]
316,[ 0.02278037]
317,[ 0.64705032]
318,[ 0.67175066]
319,[ 0.78748816]
320,[ 0.72990608]
321,[ 0.66176754]
322,[ 0.74448949]
323,[ 0.46633753]
324,[ 0.69504607]
325,[ 0.73864794]
326,[ 0.58786607]
327,[ 0.0016188]
328,[ 0.81236815]
329,[ 0.60382694]
330,[ 0.54656351]
331,[ 0.55885047]
332,[ 0.62232417]
333,[ 0.60810238]
334,[ 0.71941495]
335,[ 0.15392365]
336,[ 0.77142185]
337,[ 0.53476757]
338,[ 0.4095113]
339,[ 0.65304619]
340,[ 0.51758063]
341,[ 0.75906575]
342,[ 0.08542243]
343,[ 0.63575047]
344,[ 0.65546733]
345,[ 0.02552656]
346,[ 0.46693787]
347,[ 0.46385977]
348,[ 0.60757571]
349,[ 0.278548]
350,[ 0.02833088]
351,[ 0.76761538]
352,[ 0.76851201]
353,[ 0.17013747]
354,[ 0.65281332]
355,[ 0.65722477]
356,[ 0.70984501]
357,[ 0.41594842]
358,[ 0.67153561]
359,[ 0.55779129]
360,[ 0.41382897]
361,[ 0.65113199]
362,[ 0.65633869]
363,[ 0.68424165]
364,[ 0.49638882]
365,[ 0.62618619]
366,[ 0.65153265]
367,[ 0.12114969]
368,[ 0.56839043]
369,[ 0.44242629]
370,[ 0.63474399]
371,[ 0.69819909]
372,[ 0.52991921]
373,[ 0.42956838]
374,[ 0.73527473]
375,[ 0.49930182]
376,[ 0.35275489]
377,[ 0.65166527]
378,[ 0.60747051]
379,[ 0.37545204]
380,[ 0.48523501]
381,[ 0.00201294]
382,[ 0.78305745]
383,[ 0.21544243]
384,[ 0.17564438]
385,[ 0.00120607]
386,[ 0.47264525]
387,[ 0.65101612]
388,[ 0.45152888]
389,[ 0.29498276]
390,[ 0.63578343]
391,[ 0.45069861]
392,[ 0.47099349]
393,[ 0.47791791]
394,[ 0.50357044]
395,[ 0.26217425]
396,[ 0.58887005]
397,[ 0.50368643]
398,[ 0.43693542]
399,[ 0.29690799]
400,[ 0.35179794]
401,[ 0.58030468]
402,[ 0.70136219]
403,[ 0.76280588]
404,[ 0.70313978]
405,[ 0.08363634]
406,[ 0.75449848]
407,[ 0.451379]
408,[ 0.14726461]
409,[ 0.63578874]
410,[ 0.13430685]
411,[ 0.52834809]
412,[ 0.70720428]
413,[ 0.5817644]
414,[ 0.69955891]
415,[ 0.00243879]
416,[ 0.73307127]
417,[ 0.8220048]
418,[ 0.53677219]
419,[ 0.67025328]
420,[ 0.63210684]
421,[ 0.65403301]
422,[ 0.42459753]
423,[ 0.56664133]
424,[ 0.29182988]
425,[ 0.80110073]
426,[ 0.7271682]
427,[ 0.74542224]
428,[ 0.56722116]
429,[ 0.72511613]
430,[ 0.5049203]
431,[ 0.60017008]
432,[ 0.60268557]
433,[ 0.1520392]
434,[ 0.62599987]
435,[ 0.82922375]
436,[ 0.27584267]
437,[ 0.4453803]
438,[ 0.14608406]
439,[ 0.76149267]
440,[ 0.74479038]
441,[ 0.78609586]
442,[ 0.65786719]
443,[ 0.62486911]
444,[ 0.32753193]
445,[ 0.17793608]
446,[ 0.60992837]
447,[ 0.52420866]
448,[ 0.07970351]
449,[ 0.16725233]
450,[ 0.33157191]
451,[ 0.56082004]
452,[ 0.13845345]
453,[ 0.46861261]
454,[ 0.34878597]
455,[ 0.50054544]
456,[ 0.08688527]
457,[ 0.2251431]
458,[ 0.53530562]
459,[ 0.50006378]
460,[ 0.52137238]
461,[ 0.79319263]
462,[ 0.60323715]
463,[ 0.64706653]
464,[ 0.60951936]
465,[ 0.84426922]
466,[ 0.78915733]
467,[ 0.58288091]
468,[ 0.28356293]
469,[ 0.76789516]
470,[ 0.19464599]
471,[ 0.74517596]
472,[ 0.51595801]
473,[ 0.61606562]
474,[ 0.23735473]
475,[ 0.76537633]
476,[ 0.56455255]
477,[ 0.45225477]
478,[ 0.60855567]
479,[ 0.28288847]
480,[ 0.60820431]
481,[ 0.73654914]
482,[ 0.74410021]
483,[ 0.18528123]
484,[ 0.32834789]
485,[ 0.55644834]
486,[ 0.3816987]
487,[ 0.04266144]
488,[ 0.34620073]
489,[ 0.02197102]
490,[ 0.72666019]
491,[ 0.50364304]
492,[ 0.69375235]
493,[ 0.43616033]
494,[ 0.80262756]
495,[ 0.07733633]
496,[ 0.77261353]
497,[ 0.73554355]
498,[ 0.61664253]
499,[ 0.40428334]
500,[ 0.29019478]
501,[ 0.51693398]
502,[ 0.46777171]
503,[ 0.06915028]
504,[  8.32814203e-06]
505,[ 0.68192887]
506,[ 0.44989523]
507,[ 0.65662092]
508,[ 0.00053316]
509,[ 0.36673588]
510,[ 0.26908168]
511,[ 0.32810858]
512,[ 0.39788753]
513,[ 0.65724927]
514,[ 0.60352564]
515,[ 0.20750239]
516,[ 0.19081929]
517,[ 0.40222555]
518,[ 0.70500338]
519,[ 0.80668265]
520,[ 0.64551324]
521,[ 0.79640186]
522,[ 0.53610998]
523,[ 0.37197718]
524,[ 0.49310398]
525,[ 0.78227961]
526,[ 0.42719215]
527,[ 0.14511134]
528,[ 0.60253406]
529,[ 0.28106627]
530,[ 0.48714423]
531,[ 0.37032759]
532,[ 0.49162459]
533,[ 0.79191196]
534,[ 0.78739899]
535,[ 0.44604436]
536,[ 0.77468282]
537,[ 0.36602944]
538,[ 0.41762859]
539,[ 0.0083936]
540,[ 0.54187179]
541,[ 0.1828514]
542,[ 0.73866087]
543,[ 0.40494764]
544,[ 0.74578053]
545,[ 0.33229262]
546,[ 0.50731951]
547,[ 0.33339125]
548,[ 0.65481353]
549,[ 0.28168252]
550,[ 0.17839506]
551,[ 0.8136431]
552,[ 0.07513448]
553,[ 0.17234939]
554,[ 0.33716318]
555,[ 0.63489789]
556,[ 0.56610352]
557,[ 0.25999144]
558,[ 0.72826928]
559,[ 0.73193312]
560,[ 0.56448126]
561,[ 0.3719213]
562,[ 0.39796218]
563,[ 0.16765165]
564,[ 0.18693736]
565,[ 0.4412196]
566,[ 0.39177772]
567,[ 0.54177201]
568,[ 0.5700137]
569,[ 0.01492407]
570,[ 0.54632854]
571,[ 0.40409553]
572,[ 0.5370295]
573,[ 0.53156465]
574,[ 0.36293861]
575,[ 0.57076299]
576,[ 0.54691982]
577,[ 0.55392998]
578,[ 0.76475316]
579,[ 0.67355096]
580,[ 0.74639052]
581,[ 0.44334385]
582,[ 0.40037465]
583,[ 0.21661772]
584,[ 0.69183332]
585,[ 0.36514947]
586,[ 0.84435511]
587,[ 0.56477958]
588,[ 0.46388915]
589,[ 0.73431212]
590,[ 0.53794998]
591,[ 0.51600778]
592,[ 0.71864444]
593,[ 0.1339065]
594,[ 0.23317809]
595,[ 0.59814453]
596,[ 0.56015509]
597,[ 0.38235766]
598,[ 0.68344498]
599,[ 0.57872713]
600,[ 0.70335364]
601,[ 0.76616448]
602,[ 0.63313037]
603,[ 0.78308719]
604,[ 0.63935107]
605,[ 0.56619644]
606,[ 0.8297413]
607,[ 0.57840157]
608,[ 0.69859511]
609,[ 0.61117482]
610,[ 0.53732532]
611,[ 0.26431817]
612,[ 0.46203268]
613,[ 0.53227425]
614,[ 0.51986414]
615,[ 0.46950057]
616,[ 0.63749325]
617,[ 0.24308603]
618,[ 0.84889919]
619,[ 0.70688301]
620,[ 0.80609345]
621,[ 0.65317976]
622,[ 0.58787572]
623,[ 0.64256662]
624,[ 0.53502959]
625,[ 0.60056418]
626,[ 0.12800007]
627,[ 0.49694213]
628,[ 0.71298319]
629,[ 0.40053844]
630,[ 0.00054838]
631,[ 0.34482002]
632,[ 0.35605377]
633,[ 0.34315166]
634,[ 0.70950693]
635,[ 0.69994438]
636,[  8.96608690e-05]
637,[ 0.11281393]
638,[ 0.37215889]
639,[ 0.71773905]
640,[ 0.68197215]
641,[ 0.69372338]
642,[ 0.74698555]
643,[ 0.41080949]
644,[ 0.48915929]
645,[ 0.3513028]
646,[ 0.71478134]
647,[ 0.59211242]
648,[ 0.20667428]
649,[ 0.46532637]
650,[ 0.74726415]
651,[ 0.53108484]
652,[ 0.60690552]
653,[ 0.77681428]
654,[ 0.48882395]
655,[ 0.71716273]
656,[ 0.6289233]
657,[ 0.56406987]
658,[ 0.39857116]
659,[ 0.49216264]
660,[ 0.43187791]
661,[ 0.24594244]
662,[ 0.13611816]
663,[ 0.57169634]
664,[ 0.66091907]
665,[ 0.47939539]
666,[ 0.32919177]
667,[ 0.54067862]
668,[ 0.13871849]
669,[ 0.19807287]
670,[ 0.6518296]
671,[ 0.42584649]
672,[ 0.63556474]
673,[ 0.58914465]
674,[ 0.39060503]
675,[ 0.22188619]
676,[ 0.66286385]
677,[ 0.44259185]
678,[ 0.60164118]
679,[ 0.17139871]
680,[ 0.46438789]
681,[ 0.4847587]
682,[ 0.78866035]
683,[ 0.02178184]
684,[ 0.27663735]
685,[ 0.38773394]
686,[ 0.31640005]
687,[ 0.49719888]
688,[ 0.20714249]
689,[ 0.44024676]
690,[ 0.4388887]
691,[ 0.33765301]
692,[ 0.35628265]
693,[ 0.18045864]
694,[ 0.68877429]
695,[ 0.46015787]
696,[ 0.7827912]
697,[ 0.30408677]
698,[ 0.81352496]
699,[ 0.54140759]
700,[ 0.74282628]
701,[ 0.41715777]
702,[ 0.22326615]
703,[ 0.23763476]
704,[ 0.71579993]
705,[ 0.04509525]
706,[ 0.62309921]
707,[ 0.80449086]
708,[ 0.50522906]
709,[ 0.29240879]
710,[ 0.05132521]
711,[ 0.42352709]
712,[ 0.52070391]
713,[ 0.73920625]
714,[ 0.6796127]
715,[ 0.7753886]
716,[ 0.70452517]
717,[ 0.61363107]
718,[ 0.6245144]
719,[ 0.02073102]
720,[ 0.73880708]
721,[ 0.58632386]
722,[ 0.6267398]
723,[ 0.0483434]
724,[ 0.69628751]
725,[ 0.56471592]
726,[ 0.73237401]
727,[ 0.65741765]
728,[ 0.6354301]
729,[ 0.51692837]
730,[ 0.72407669]
731,[ 0.08900248]
732,[ 0.12856914]
733,[ 0.6953063]
734,[ 0.60095447]
735,[ 0.69662029]
736,[ 0.69555998]
737,[ 0.48907816]
738,[ 0.29874384]
739,[ 0.00674869]
740,[ 0.35605171]
741,[ 0.43110693]
742,[ 0.70332688]
743,[ 0.42071253]
744,[ 0.38899866]
745,[ 0.65335411]
746,[ 0.82410854]
747,[ 0.27312067]
748,[ 0.47101745]
749,[ 0.26903]
750,[ 0.04380999]
751,[ 0.14634839]
752,[ 0.16978943]
753,[ 0.16666424]
754,[ 0.36645275]
755,[ 0.82728297]
756,[ 0.25647551]
757,[ 0.34790996]
758,[ 0.084247]
759,[ 0.75549388]
760,[ 0.70727271]
761,[ 0.5763346]
762,[ 0.70482481]
763,[ 0.71314591]
764,[ 0.62099463]
765,[ 0.42702016]
766,[ 0.23491153]
767,[ 0.84705836]
768,[ 0.56697434]
769,[ 0.15125781]
770,[ 0.71918631]
771,[ 0.70237464]
772,[ 0.37960917]
773,[ 0.66247791]
774,[ 0.24813196]
775,[ 0.24910888]
776,[ 0.58967859]
777,[ 0.74923271]
778,[ 0.39450786]
779,[ 0.6912533]
780,[ 0.64440721]
781,[ 0.79120952]
782,[ 0.76458561]
783,[ 0.45538455]
784,[ 0.54750705]
785,[ 0.45032498]
786,[ 0.65017748]
787,[ 0.70816737]
788,[ 0.31756651]
789,[ 0.50839603]
790,[ 0.6674931]
791,[ 0.35540631]
792,[ 0.18575944]
793,[ 0.44305658]
794,[ 0.40929708]
795,[ 0.69345927]
796,[ 0.77702224]
797,[ 0.34105435]
798,[ 0.77560252]
799,[ 0.20883827]
800,[ 0.01946662]
801,[ 0.56236011]
802,[ 0.69406843]
803,[ 0.43076876]
804,[ 0.78011954]
805,[ 0.38527945]
806,[ 0.59336013]
807,[ 0.13459133]
808,[ 0.14751115]
809,[ 0.42412838]
810,[ 0.62652802]
811,[ 0.16499595]
812,[ 0.58959675]
813,[ 0.76739824]
814,[ 0.65177858]
815,[ 0.15180597]
816,[ 0.79075557]
817,[ 0.23132496]
818,[ 0.11006875]
819,[ 0.51376832]
820,[ 0.70469087]
821,[ 0.66139823]
822,[ 0.58765078]
823,[ 0.61475831]
824,[ 0.72633821]
825,[ 0.33654138]
826,[ 0.61999738]
827,[ 0.72127682]
828,[ 0.8055377]
829,[ 0.80353701]
830,[ 0.45947754]
831,[ 0.36586702]
832,[ 0.71593308]
833,[ 0.32358855]
834,[ 0.64489496]
835,[ 0.83505684]
836,[ 0.45760131]
837,[ 0.19366182]
838,[ 0.07257704]
839,[ 0.81208175]
840,[ 0.02378575]
841,[ 0.21670161]
842,[ 0.45037445]
843,[ 0.23613535]
844,[ 0.05477369]
845,[ 0.62417209]
846,[ 0.6572262]
847,[ 0.48136842]
848,[ 0.19943942]
849,[ 0.39634478]
850,[ 0.68899131]
851,[ 0.52641737]
852,[ 0.62371176]
853,[ 0.60849816]
854,[ 0.11229465]
855,[ 0.81914502]
856,[ 0.05196713]
857,[ 0.67546868]
858,[ 0.64743352]
859,[ 0.09513403]
860,[ 0.31875521]
861,[ 0.41489002]
862,[ 0.68028212]
863,[ 0.79163152]
864,[ 0.407217]
865,[ 0.1718473]
866,[ 0.52425212]
867,[ 0.17422184]
868,[ 0.6533674]
869,[ 0.40175217]
870,[ 0.52874911]
871,[ 0.68124014]
872,[ 0.35907516]
873,[ 0.73840529]
874,[ 0.5266391]
875,[ 0.65146905]
876,[ 0.78235537]
877,[ 0.30675513]
878,[ 0.27197939]
879,[ 0.80604237]
880,[ 0.73901147]
881,[ 0.64788949]
882,[ 0.2344217]
883,[ 0.58054465]
884,[ 0.56503111]
885,[ 0.63736123]
886,[ 0.72428387]
887,[ 0.40014997]
888,[ 0.28358501]
889,[ 0.17672561]
890,[ 0.10664397]
891,[ 0.29382384]
892,[ 0.62360823]
893,[ 0.25295344]
894,[ 0.84839243]
895,[ 0.44074121]
896,[ 0.10997117]
897,[ 0.14773926]
898,[ 0.31440637]
899,[ 0.00364719]
900,[ 0.1989855]
901,[ 0.65642762]
902,[ 0.63606322]
903,[ 0.60477483]
904,[ 0.43894088]
905,[ 0.53570783]
906,[ 0.67031056]
907,[ 0.007242]
908,[ 0.33843198]
909,[ 0.57134604]
910,[ 0.37554729]
911,[ 0.6861605]
912,[ 0.09974138]
913,[ 0.30471385]
914,[ 0.43148345]
915,[ 0.43135327]
916,[ 0.27490959]
917,[ 0.77885115]
918,[ 0.20250525]
919,[ 0.29432121]
920,[ 0.3826285]
921,[ 0.73957789]
922,[ 0.4416804]
923,[ 0.55065203]
924,[ 0.68338996]
925,[ 0.74331284]
926,[ 0.51528984]
927,[ 0.70881265]
928,[ 0.64353585]
929,[ 0.06950425]
930,[ 0.55046964]
931,[ 0.82672495]
932,[ 0.05328264]
933,[ 0.18744646]
934,[ 0.68165696]
935,[ 0.71686679]
936,[ 0.67018378]
937,[ 0.6389932]
938,[ 0.3950932]
939,[ 0.74332821]
940,[ 0.3589277]
941,[ 0.51770794]
942,[ 0.48794666]
943,[ 0.51250684]
944,[ 0.42710152]
945,[ 0.77559489]
946,[ 0.68446654]
947,[ 0.43521065]
948,[ 0.55942649]
949,[ 0.75458932]
950,[ 0.55387086]
951,[ 0.76404333]
952,[ 0.78266877]
953,[ 0.53474683]
954,[ 0.40146038]
955,[ 0.28485262]
956,[ 0.06796484]
957,[ 0.5307225]
958,[ 0.82403058]
959,[ 0.59844583]
960,[ 0.69516987]
961,[ 0.54721969]
962,[ 0.81368262]
963,[ 0.35590234]
964,[ 0.71706659]
965,[ 0.34778214]
966,[ 0.51036602]
967,[ 0.73762667]
968,[ 0.48361826]
969,[ 0.67658359]
970,[ 0.11435239]
971,[ 0.3205356]
972,[ 0.49558231]
973,[ 0.67972904]
974,[ 0.22046912]
975,[ 0.56532365]
976,[ 0.35204464]
977,[ 0.73315686]
978,[ 0.01201213]
979,[ 0.61187977]
980,[ 0.76675886]
981,[ 0.43224281]
982,[ 0.6624099]
983,[ 0.69576317]
984,[ 0.62671065]
985,[ 0.0050438]
986,[ 0.09418313]
987,[ 0.24394262]
988,[ 0.0356681]
989,[ 0.67038053]
990,[ 0.35152286]
991,[ 0.10855279]
992,[ 0.59355325]
993,[ 0.44326699]
994,[ 0.63503587]
995,[ 0.10402472]
996,[ 0.53078163]
997,[ 0.63141561]
998,[ 0.19262178]
999,[ 0.002577]
1000,[ 0.0351545]
1001,[ 0.73666191]
1002,[ 0.37662363]
1003,[ 0.05368685]
1004,[ 0.35290006]
1005,[ 0.42086056]
1006,[ 0.26063395]
1007,[ 0.37259382]
1008,[ 0.56448305]
1009,[ 0.50301903]
1010,[ 0.6169433]
1011,[ 0.46838903]
1012,[ 0.66080523]
1013,[ 0.68444163]
1014,[ 0.63125098]
1015,[ 0.34601307]
1016,[ 0.19724736]
1017,[ 0.19452351]
1018,[ 0.18765597]
1019,[ 0.75820053]
1020,[ 0.56671453]
1021,[ 0.06202661]
1022,[ 0.55125868]
1023,[ 0.40386185]
1024,[ 0.45486778]
1025,[ 0.54832983]
1026,[ 0.77114004]
1027,[ 0.06402923]
1028,[ 0.83015776]
1029,[ 0.71062428]
1030,[ 0.20436344]
1031,[ 0.79502678]
1032,[ 0.7295748]
1033,[ 0.68357229]
1034,[ 0.70299244]
1035,[ 0.00852912]
1036,[ 0.53335524]
1037,[ 0.23414955]
1038,[ 0.59318501]
1039,[ 0.61982036]
1040,[ 0.0776557]
1041,[ 0.0413274]
1042,[ 0.27801278]
1043,[ 0.75345618]
1044,[ 0.41235894]
1045,[ 0.65664107]
1046,[ 0.74507827]
1047,[ 0.27285329]
1048,[ 0.40125272]
1049,[ 0.77160317]
1050,[ 0.73067772]
1051,[ 0.20136461]
1052,[ 0.70676583]
1053,[ 0.56418079]
1054,[ 0.77401954]
1055,[ 0.21102436]
1056,[ 0.2721602]
1057,[ 0.73074168]
1058,[ 0.28391722]
1059,[ 0.45320955]
1060,[ 0.00071279]
1061,[ 0.37292787]
1062,[ 0.2593146]
1063,[ 0.70870328]
1064,[ 0.63810623]
1065,[ 0.60215569]
1066,[ 0.00601087]
1067,[ 0.61731213]
1068,[ 0.45678002]
1069,[ 0.02313685]
1070,[ 0.53760624]
1071,[ 0.1781494]
1072,[ 0.48548231]
1073,[ 0.65357834]
1074,[ 0.03078748]
1075,[ 0.54350001]
1076,[ 0.44348225]
1077,[ 0.73259848]
1078,[ 0.70839608]
1079,[ 0.67126131]
1080,[ 0.26528075]
1081,[ 0.81565803]
1082,[ 0.04601917]
1083,[ 0.33784032]
1084,[ 0.6165393]
1085,[ 0.70388466]
1086,[ 0.6868993]
1087,[ 0.32396615]
1088,[ 0.75696522]
1089,[ 0.48448059]
1090,[ 0.69897866]
1091,[ 0.61013651]
1092,[ 0.72352147]
1093,[ 0.79629177]
1094,[ 0.52255458]
1095,[ 0.01750585]
1096,[ 0.5455066]
1097,[ 0.67303658]
1098,[ 0.34820059]
1099,[ 0.02586953]
1100,[ 0.80248964]
1101,[ 0.52438253]
1102,[ 0.4605259]
1103,[ 0.79092795]
1104,[ 0.82897413]
1105,[ 0.55692619]
1106,[ 0.72093427]
1107,[ 0.71699286]
1108,[ 0.50284195]
1109,[ 0.47204861]
1110,[ 0.15384953]
1111,[ 0.30035752]
1112,[ 0.71488369]
1113,[ 0.65693516]
1114,[ 0.56798226]
1115,[ 0.28897539]
1116,[ 0.66038156]
1117,[ 0.31237292]
1118,[ 0.48633695]
1119,[ 0.59116602]
1120,[ 0.38255739]
1121,[ 0.75550312]
1122,[ 0.61910999]
1123,[ 0.71321952]
1124,[ 0.64149106]
1125,[ 0.5715549]
1126,[ 0.19747739]
1127,[ 0.1306576]
1128,[ 0.50927687]
1129,[ 0.31596449]
1130,[ 0.33497027]
1131,[ 0.62398249]
1132,[  2.41530552e-06]
1133,[ 0.38399503]
1134,[ 0.70954978]
1135,[ 0.49791974]
1136,[ 0.37219024]
1137,[ 0.4263528]
1138,[ 0.18478824]
1139,[ 0.22219329]
1140,[ 0.64033478]
1141,[ 0.68568307]
1142,[ 0.75906444]
1143,[ 0.35082296]
1144,[ 0.49955538]
1145,[ 0.2723448]
1146,[ 0.4658615]
1147,[ 0.03465349]
1148,[ 0.56217647]
1149,[ 0.52940649]
1150,[ 0.75872254]
1151,[ 0.68644154]
1152,[ 0.22070378]
1153,[ 0.07142877]
1154,[ 0.73953629]
1155,[ 0.64080137]
1156,[ 0.00848359]
1157,[ 0.36595222]
1158,[ 0.53103608]
1159,[ 0.60829878]
1160,[ 0.38246825]
1161,[ 0.8116526]
1162,[ 0.37489223]
1163,[ 0.53182417]
1164,[ 0.68952411]
1165,[ 0.30284506]
1166,[ 0.58524412]
1167,[ 0.67885548]
1168,[ 0.6186704]
1169,[ 0.76655674]
1170,[ 0.36216888]
1171,[ 0.52811641]
1172,[ 0.64363343]
1173,[ 0.48051733]
1174,[ 0.56543058]
1175,[ 0.61479253]
1176,[ 0.3327688]
1177,[ 0.61856973]
1178,[ 0.50338203]
1179,[ 0.10447213]
1180,[ 0.35204449]
1181,[ 0.64051831]
1182,[ 0.53581935]
1183,[ 0.52928793]
1184,[ 0.53101838]
1185,[  2.04112457e-05]
1186,[ 0.3085942]
1187,[ 0.39931867]
1188,[ 0.71055013]
1189,[ 0.70256984]
1190,[ 0.62658232]
1191,[ 0.57763058]
1192,[ 0.44256589]
1193,[ 0.75330389]
1194,[ 0.55243921]
1195,[ 0.67485857]
1196,[ 0.46741557]
1197,[ 0.43998888]
1198,[ 0.47397989]
1199,[ 0.6971879]
1200,[ 0.67953759]
1201,[ 0.59781587]
1202,[ 0.22634861]
1203,[ 0.75990117]
1204,[ 0.50627929]
1205,[ 0.80331016]
1206,[ 0.81902355]
1207,[ 0.46982011]
1208,[ 0.60066289]
1209,[ 0.51290345]
1210,[ 0.29857656]
1211,[ 0.66280955]
1212,[ 0.39123261]
1213,[ 0.7072832]
1214,[ 0.5010972]
1215,[ 0.53499597]
1216,[ 0.70543677]
1217,[ 0.79523712]
1218,[ 0.76444238]
1219,[ 0.55324942]
1220,[ 0.52802765]
1221,[ 0.34590259]
1222,[ 0.52551407]
1223,[ 0.78402019]
1224,[ 0.36929327]
1225,[ 0.04165303]
1226,[ 0.12773964]
1227,[ 0.05162904]
1228,[ 0.79165554]
1229,[ 0.62420005]
1230,[ 0.7933057]
1231,[ 0.56588608]
1232,[ 0.32135534]
1233,[ 0.29231709]
1234,[ 0.26636213]
1235,[ 0.65048403]
1236,[ 0.6666618]
1237,[ 0.00122301]
1238,[ 0.73457563]
1239,[ 0.79335344]
1240,[ 0.77526581]
1241,[ 0.63123202]
1242,[ 0.0209913]
1243,[ 0.55336636]
1244,[ 0.44949275]
1245,[ 0.65446579]
1246,[ 0.25890049]
1247,[ 0.23619518]
1248,[ 0.26851922]
1249,[ 0.18305284]
1250,[ 0.5392645]
1251,[ 0.13495086]
1252,[ 0.69432795]
1253,[ 0.7455799]
1254,[ 0.23765114]
1255,[ 0.1146287]
1256,[ 0.51063222]
1257,[ 0.56276971]
1258,[ 0.54428047]
1259,[ 0.47659814]
1260,[ 0.57233596]
1261,[ 0.54881883]
1262,[ 0.44396573]
1263,[ 0.53418052]
1264,[ 0.66240919]
1265,[ 0.85709429]
1266,[ 0.41340736]
1267,[ 0.73436904]
1268,[ 0.20953399]
1269,[ 0.4474887]
1270,[ 0.70191723]
1271,[ 0.64145356]
1272,[ 0.74522638]
1273,[ 0.39562684]
1274,[ 0.76878619]
1275,[ 0.5410102]
1276,[ 0.53609896]
1277,[ 0.86329061]
1278,[ 0.52344882]
1279,[ 0.12844783]
1280,[ 0.18779483]
1281,[ 0.77564156]
1282,[ 0.65947348]
1283,[ 0.85681814]
1284,[ 0.66701347]
1285,[ 0.70496184]
1286,[ 0.07284861]
1287,[ 0.26803306]
1288,[ 0.66719788]
1289,[ 0.63725555]
1290,[ 0.13283016]
1291,[ 0.47833523]
1292,[ 0.72411549]
1293,[ 0.59452599]
1294,[ 0.16288593]
1295,[ 0.60581666]
1296,[ 0.46334115]
1297,[ 0.55630571]
1298,[ 0.00479341]
1299,[ 0.03134282]
1300,[ 0.64598805]
1301,[ 0.50051725]
1302,[ 0.85537755]
1303,[ 0.74948817]
1304,[ 0.46182767]
1305,[ 0.28210357]
1306,[ 0.60195363]
1307,[ 0.77562934]
1308,[ 0.68075687]
1309,[ 0.72533792]
1310,[ 0.73857617]
1311,[ 0.40645766]
1312,[ 0.27496997]
1313,[ 0.62778062]
1314,[ 0.78374535]
1315,[ 0.6209932]
1316,[ 0.85399103]
1317,[ 0.28277117]
1318,[ 0.39258209]
1319,[ 0.50064111]
1320,[ 0.75807774]
1321,[ 0.13203622]
1322,[ 0.10418696]
1323,[ 0.58435154]
1324,[ 0.42298487]
1325,[ 0.68544286]
1326,[ 0.5981636]
1327,[ 0.67023444]
1328,[ 0.78430843]
1329,[ 0.08364255]
1330,[ 0.58253396]
1331,[ 0.42263767]
1332,[ 0.35343069]
1333,[ 0.30052179]
1334,[ 0.4121736]
1335,[ 0.76266664]
1336,[ 0.66156465]
1337,[ 0.73774558]
1338,[ 0.55991578]
1339,[ 0.65355343]
1340,[ 0.10293642]
1341,[ 0.47969809]
1342,[ 0.00069684]
1343,[ 0.79506361]
1344,[ 0.5517866]
1345,[ 0.73059648]
1346,[ 0.16119003]
1347,[ 0.67899245]
1348,[ 0.46214214]
1349,[ 0.44071546]
1350,[ 0.64154184]
1351,[ 0.33760685]
1352,[ 0.48351288]
1353,[ 0.52249521]
1354,[ 0.00411889]
1355,[ 0.7028203]
1356,[ 0.61383379]
1357,[ 0.50135052]
1358,[ 0.72473669]
1359,[ 0.72699815]
1360,[ 0.54393607]
1361,[ 0.79254973]
1362,[ 0.43509242]
1363,[ 0.75609469]
1364,[ 0.23817913]
1365,[ 0.29475525]
1366,[ 0.26624835]
1367,[ 0.6591416]
1368,[ 0.77782756]
1369,[ 0.26264808]
1370,[ 0.68856013]
1371,[ 0.38419721]
1372,[ 0.63160521]
1373,[ 0.26449031]
1374,[ 0.37356684]
1375,[ 0.67624694]
1376,[ 0.76457882]
1377,[ 0.78774887]
1378,[ 0.74407899]
1379,[ 0.39484495]
1380,[ 0.09390699]
1381,[ 0.3299017]
1382,[ 0.63386714]
1383,[ 0.12467737]
1384,[ 0.27694541]
1385,[ 0.4168869]
1386,[ 0.30138609]
1387,[ 0.83633918]
1388,[ 0.42478308]
1389,[ 0.60174894]
1390,[ 0.37624988]
1391,[ 0.54665047]
1392,[ 0.6459322]
1393,[ 0.69727677]
1394,[ 0.69157135]
1395,[ 0.61728197]
1396,[ 0.21795382]
1397,[ 0.7121076]
1398,[ 0.51188558]
1399,[ 0.71661478]
1400,[ 0.58308733]
1401,[ 0.65481001]
1402,[ 0.55779052]
1403,[ 0.37368876]
1404,[ 0.52644223]
1405,[ 0.58253103]
1406,[ 0.34088656]
1407,[ 0.27002358]
1408,[ 0.00112251]
1409,[ 0.62869704]
1410,[ 0.45646927]
1411,[ 0.74236047]
1412,[ 0.58284658]
1413,[ 0.83601499]
1414,[ 0.45861918]
1415,[ 0.57771116]
1416,[ 0.13331698]
1417,[ 0.14983875]
1418,[ 0.49972281]
1419,[ 0.50001794]
1420,[ 0.68186194]
1421,[ 0.6381442]
1422,[ 0.53934759]
1423,[ 0.8726607]
1424,[ 0.56982297]
1425,[ 0.32137018]
1426,[ 0.73930687]
1427,[ 0.75221205]
1428,[ 0.77898026]
1429,[ 0.28607085]
1430,[ 0.50263387]
1431,[ 0.25262919]
1432,[ 0.3099345]
1433,[ 0.53547972]
1434,[ 0.54512531]
1435,[ 0.25794998]
1436,[ 0.71817434]
1437,[ 0.01928603]
1438,[ 0.8157897]
1439,[ 0.1194502]
1440,[ 0.44173083]
1441,[ 0.52756333]
1442,[ 0.84627157]
1443,[ 0.79786277]
1444,[ 0.77988189]
1445,[ 0.24804688]
1446,[ 0.7267741]
1447,[ 0.33992577]
1448,[ 0.63585258]
1449,[ 0.08055536]
1450,[ 0.40036646]
1451,[ 0.76144505]
1452,[ 0.72373235]
1453,[ 0.73964149]
1454,[ 0.58035606]
1455,[ 0.40180168]
1456,[ 0.72863597]
1457,[ 0.62713981]
1458,[ 0.71198636]
1459,[ 0.04677547]
1460,[ 0.20253412]
1461,[ 0.52067637]
1462,[ 0.64354616]
1463,[ 0.83187318]
1464,[ 0.42011419]
1465,[ 0.76155323]
1466,[ 0.64987397]
1467,[ 0.71092916]
1468,[ 0.41343454]
1469,[ 0.00020967]
1470,[ 0.14815384]
1471,[ 0.39189309]
1472,[ 0.28278816]
1473,[ 0.45583111]
1474,[ 0.19541413]
1475,[ 0.49398243]
1476,[ 0.79829276]
1477,[ 0.5598616]
1478,[ 0.40621468]
1479,[ 0.39903241]
1480,[ 0.7855075]
1481,[ 0.01851082]
1482,[ 0.46349701]
1483,[ 0.19767043]
1484,[ 0.64614576]
1485,[ 0.54316646]
1486,[ 0.52905256]
1487,[ 0.17703386]
1488,[ 0.4799065]
1489,[ 0.58982021]
1490,[ 0.06222453]
1491,[ 0.34798619]
1492,[ 0.50007647]
1493,[ 0.61872309]
1494,[ 0.74798912]
1495,[ 0.75520188]
1496,[ 0.56548834]
1497,[ 0.14080313]
1498,[ 0.36523545]
1499,[ 0.55977708]
1500,[ 0.49261612]
1501,[ 0.62543529]
1502,[ 0.65663993]
1503,[ 0.78096724]
1504,[ 0.5198884]
1505,[ 0.32673216]
1506,[ 0.61117685]
1507,[ 0.6000315]
1508,[ 0.3753632]
1509,[ 0.46355987]
1510,[ 0.77052635]
1511,[ 0.67753541]
1512,[ 0.56845719]
1513,[ 0.69748151]
1514,[ 0.50664639]
1515,[ 0.33695269]
1516,[ 0.53015405]
1517,[ 0.27762136]
1518,[ 0.54384696]
1519,[ 0.19563796]
1520,[ 0.84112048]
1521,[ 0.69002932]
1522,[ 0.72627544]
1523,[ 0.20038623]
1524,[ 0.60977364]
1525,[ 0.44704595]
1526,[ 0.43097961]
1527,[ 0.84178627]
1528,[ 0.79077935]
1529,[ 0.73487639]
1530,[ 0.5789178]
1531,[ 0.75687838]
1532,[ 0.8541013]
1533,[ 0.55596673]
1534,[ 0.43298709]
1535,[ 0.58900344]
1536,[ 0.33819091]
1537,[ 0.56019789]
1538,[ 0.18341912]
1539,[ 0.26345539]
1540,[ 0.05010287]
1541,[ 0.47103712]
1542,[ 0.44745561]
1543,[ 0.62958896]
1544,[ 0.09497073]
1545,[ 0.40394017]
1546,[ 0.87624949]
1547,[ 0.81313437]
1548,[ 0.62055117]
1549,[ 0.17808764]
1550,[ 0.23909198]
1551,[ 0.68674666]
1552,[ 0.58969206]
1553,[ 0.72786188]
1554,[ 0.55800664]
1555,[ 0.68035215]
1556,[ 0.79775888]
1557,[ 0.53746748]
1558,[ 0.38304213]
1559,[ 0.61232519]
1560,[ 0.70683086]
1561,[ 0.72693783]
1562,[ 0.6105448]
1563,[ 0.31696862]
1564,[ 0.77680939]
1565,[ 0.30768219]
1566,[ 0.80858362]
1567,[ 0.25900474]
1568,[ 0.46030787]
1569,[ 0.57238293]
1570,[ 0.66617072]
1571,[ 0.62245792]
1572,[ 0.37142348]
1573,[  6.80349549e-05]
1574,[ 0.29952237]
1575,[ 0.64757442]
1576,[ 0.51100093]
1577,[ 0.78070414]
1578,[ 0.36947742]
1579,[ 0.60491616]
1580,[ 0.07110792]
1581,[ 0.29696897]
1582,[ 0.69653314]
1583,[ 0.29866889]
1584,[ 0.6243881]
1585,[ 0.77563184]
1586,[ 0.37406316]
1587,[ 0.59357566]
1588,[ 0.74812347]
1589,[ 0.58854955]
1590,[ 0.51667112]
1591,[ 0.44724807]
1592,[ 0.46178448]
1593,[ 0.03661923]
1594,[ 0.83598977]
1595,[ 0.70000499]
1596,[ 0.75032419]
1597,[ 0.31412089]
1598,[ 0.72411352]
1599,[ 0.19297004]
1600,[ 0.47638389]
1601,[ 0.4889366]
1602,[ 0.62976098]
1603,[ 0.6152671]
1604,[ 0.87598068]
1605,[ 0.3973572]
1606,[ 0.30835032]
1607,[ 0.36956847]
1608,[ 0.34269547]
1609,[ 0.00209586]
1610,[ 0.56284517]
1611,[ 0.35410988]
1612,[ 0.26951155]
1613,[ 0.47209555]
1614,[ 0.80302471]
1615,[ 0.39747691]
1616,[ 0.81973833]
1617,[ 0.72304463]
1618,[ 0.53550547]
1619,[ 0.80630571]
1620,[ 0.72990066]
1621,[ 0.48624548]
1622,[ 0.76711291]
1623,[ 0.49447545]
1624,[ 0.13577922]
1625,[ 0.18373418]
1626,[ 0.79831123]
1627,[ 0.40517735]
1628,[ 0.72603232]
1629,[ 0.21770744]
1630,[ 0.74241507]
1631,[ 0.44950646]
1632,[ 0.44251743]
1633,[ 0.53454787]
1634,[ 0.14297187]
1635,[ 0.7011736]
1636,[ 0.78153914]
1637,[ 0.65784401]
1638,[ 0.70707357]
1639,[ 0.71269149]
1640,[ 0.51824945]
1641,[ 0.76970732]
1642,[ 0.50588328]
1643,[ 0.01328153]
1644,[ 0.66250962]
1645,[ 0.81127924]
1646,[ 0.72351438]
1647,[ 0.51583064]
1648,[ 0.57693142]
1649,[ 0.51166219]
1650,[ 0.72670341]
1651,[ 0.05820449]
1652,[ 0.84109229]
1653,[ 0.01023326]
1654,[ 0.4547646]
1655,[ 0.49739626]
1656,[ 0.22919594]
1657,[ 0.81258363]
1658,[ 0.64290661]
1659,[ 0.22561264]
1660,[ 0.28689846]
1661,[ 0.43690786]
1662,[ 0.22768269]
1663,[ 0.65079176]
1664,[ 0.68604469]
1665,[ 0.75675839]
1666,[ 0.85354406]
1667,[ 0.60810059]
1668,[ 0.65050054]
1669,[ 0.41804639]
1670,[ 0.6570937]
1671,[ 0.39629725]
1672,[ 0.65895438]
1673,[ 0.67488986]
1674,[ 0.09191094]
1675,[ 0.79294521]
1676,[ 0.1739178]
1677,[ 0.05940778]
1678,[ 0.23108874]
1679,[ 0.62474018]
1680,[ 0.74741668]
1681,[ 0.44255438]
1682,[ 0.61284912]
1683,[ 0.14410283]
1684,[ 0.53427851]
1685,[ 0.75771391]
1686,[ 0.38202626]
1687,[ 0.03329877]
1688,[ 0.11131399]
1689,[ 0.78172249]
1690,[ 0.59661764]
1691,[ 0.65424925]
1692,[ 0.25885817]
1693,[ 0.4692719]
1694,[ 0.64423871]
1695,[ 0.42203802]
1696,[ 0.36412284]
1697,[ 0.63848579]
1698,[ 0.55988729]
1699,[ 0.77379113]
1700,[ 0.44508925]
1701,[ 0.61862361]
1702,[ 0.51772279]
1703,[ 0.06414393]
1704,[ 0.48569795]
1705,[ 0.14364855]
1706,[ 0.74960631]
1707,[ 0.54575121]
1708,[ 0.11482096]
1709,[ 0.36103493]
1710,[ 0.17378783]
1711,[ 0.36633742]
1712,[ 0.71245664]
1713,[ 0.78804141]
1714,[ 0.25951204]
1715,[ 0.71089852]
1716,[ 0.77486366]
1717,[ 0.74966174]
1718,[ 0.50929528]
1719,[ 0.19714677]
1720,[ 0.66272539]
1721,[ 0.05241581]
1722,[ 0.57529789]
1723,[ 0.23584019]
1724,[ 0.27123547]
1725,[ 0.35996684]
1726,[ 0.28741992]
1727,[ 0.61868459]
1728,[ 0.26474836]
1729,[ 0.37959966]
1730,[ 0.68846232]
1731,[ 0.74477875]
1732,[ 0.16097672]
1733,[ 0.3464168]
1734,[ 0.70667058]
1735,[ 0.66916251]
1736,[ 0.76441169]
1737,[ 0.52420795]
1738,[ 0.32932913]
1739,[ 0.03265154]
1740,[ 0.61534053]
1741,[ 0.7650246]
1742,[ 0.20089264]
1743,[ 0.75147456]
1744,[ 0.5776242]
1745,[ 0.65094286]
1746,[ 0.7919789]
1747,[ 0.6316005]
1748,[ 0.78576022]
1749,[ 0.65320581]
1750,[ 0.67888707]
1751,[ 0.58399725]
1752,[ 0.67279857]
1753,[ 0.67774862]
1754,[ 0.66454011]
1755,[ 0.47633186]
1756,[ 0.70855331]
1757,[ 0.66915518]
1758,[ 0.78644663]
1759,[ 0.57643986]
1760,[ 0.73918462]
1761,[ 0.67354155]
1762,[ 0.59240878]
1763,[ 0.62415326]
1764,[ 0.05696021]
1765,[ 0.32732505]
1766,[ 0.57182091]
1767,[ 0.6744594]
1768,[ 0.12381217]
1769,[ 0.47749302]
1770,[ 0.60295242]
1771,[ 0.23825222]
1772,[ 0.65225661]
1773,[ 0.58176136]
1774,[ 0.461373]
1775,[ 0.81082112]
1776,[ 0.62811494]
1777,[ 0.73717064]
1778,[ 0.68234664]
1779,[ 0.68720627]
1780,[ 0.75113833]
1781,[ 0.70288885]
1782,[ 0.62123919]
1783,[ 0.21315986]
1784,[ 0.53751653]
1785,[ 0.52299923]
1786,[ 0.42192182]
1787,[ 0.53142893]
1788,[ 0.54703307]
1789,[ 0.62465924]
1790,[ 0.77967852]
1791,[ 0.28919658]
1792,[ 0.63549072]
1793,[ 0.7070905]
1794,[ 0.55908191]
1795,[ 0.54896903]
1796,[ 0.78798932]
1797,[ 0.55377245]
1798,[ 0.46626058]
1799,[ 0.59801996]
1800,[ 0.2620011]
1801,[ 0.55514443]
1802,[ 0.34376377]
1803,[ 0.39522159]
1804,[ 0.37205493]
1805,[ 0.2656174]
1806,[ 0.24792102]
1807,[ 0.53005546]
1808,[ 0.63453543]
1809,[ 0.0242613]
1810,[ 0.75538766]
1811,[ 0.60542285]
1812,[ 0.42059067]
1813,[ 0.74462044]
1814,[ 0.23545222]
1815,[ 0.54838121]
1816,[ 0.42333835]
1817,[ 0.12171271]
1818,[ 0.6901229]
1819,[ 0.44835103]
1820,[ 0.7095837]
1821,[ 0.44849426]
1822,[ 0.39493451]
1823,[ 0.56859505]
1824,[ 0.40602058]
1825,[ 0.73563057]
1826,[ 0.76087445]
1827,[ 0.7406401]
1828,[ 0.04800734]
1829,[ 0.84405476]
1830,[ 0.01419262]
1831,[ 0.71164805]
1832,[ 0.52969968]
1833,[ 0.22414273]
1834,[ 0.72734082]
1835,[ 0.38865525]
1836,[ 0.3983112]
1837,[ 0.8785969]
1838,[ 0.37677678]
1839,[ 0.14611585]
1840,[ 0.61857146]
1841,[ 0.36734974]
1842,[ 0.3885293]
1843,[ 0.13428397]
1844,[ 0.61206841]
1845,[ 0.41458625]
1846,[ 0.46803179]
1847,[ 0.69152075]
1848,[ 0.17812048]
1849,[ 0.57236803]
1850,[ 0.6679213]
1851,[ 0.66798913]
1852,[ 0.45615101]
1853,[ 0.75598925]
1854,[ 0.43909165]
1855,[ 0.58789849]
1856,[ 0.09544829]
1857,[ 0.76147133]
1858,[ 0.81224161]
1859,[ 0.56157708]
1860,[ 0.54976791]
1861,[ 0.32596105]
1862,[ 0.69568425]
1863,[ 0.84774935]
1864,[ 0.2969555]
1865,[ 0.81279778]
1866,[ 0.67377782]
1867,[ 0.73392498]
1868,[ 0.59043044]
1869,[ 0.00312216]
1870,[ 0.36783382]
1871,[ 0.593171]
1872,[ 0.84639406]
1873,[ 0.29305616]
1874,[ 0.42010045]
1875,[ 0.26624551]
1876,[ 0.06658489]
1877,[ 0.71058971]
1878,[ 0.30245921]
1879,[ 0.76454294]
1880,[ 0.64622372]
1881,[ 0.44328138]
1882,[ 0.82337236]
1883,[ 0.65850669]
1884,[ 0.62376589]
1885,[ 0.66309047]
1886,[ 0.25519079]
1887,[ 0.48975489]
1888,[ 0.07239033]
1889,[ 0.76140219]
1890,[ 0.29327488]
1891,[ 0.04189071]
1892,[ 0.21755253]
1893,[ 0.17744228]
1894,[ 0.55889463]
1895,[ 0.3814216]
1896,[ 0.20863877]
1897,[ 0.73550475]
1898,[ 0.83777153]
1899,[ 0.74177587]
1900,[ 0.0009268]
1901,[ 0.75181437]
1902,[ 0.19851634]
1903,[ 0.47226405]
1904,[ 0.20435113]
1905,[ 0.77096599]
1906,[ 0.50445861]
1907,[ 0.58399093]
1908,[ 0.5474807]
1909,[ 0.15220575]
1910,[ 0.50053924]
1911,[ 0.56519598]
1912,[ 0.62431312]
1913,[ 0.00979758]
1914,[ 0.47655073]
1915,[ 0.66173184]
1916,[ 0.11018574]
1917,[ 0.3274703]
1918,[ 0.22761439]
1919,[ 0.62849265]
1920,[ 0.04931428]
1921,[ 0.64141607]
1922,[ 0.74568892]
1923,[ 0.72720748]
1924,[ 0.27041563]
1925,[ 0.54174542]
1926,[ 0.72494084]
1927,[ 0.64962184]
1928,[ 0.74598455]
1929,[ 0.68799233]
1930,[ 0.21221368]
1931,[ 0.69360727]
1932,[ 0.17558339]
1933,[ 0.57918078]
1934,[ 0.161045]
1935,[ 0.43922624]
1936,[ 0.42177099]
1937,[ 0.47513956]
1938,[ 0.58998597]
1939,[ 0.48967203]
1940,[ 0.33218786]
1941,[ 0.19534342]
1942,[ 0.2023757]
1943,[ 0.18281744]
1944,[ 0.81569678]
1945,[ 0.61520553]
1946,[ 0.33667785]
1947,[ 0.45426863]
1948,[ 0.73635346]
1949,[ 0.23735538]
1950,[ 0.84925067]
1951,[ 0.04168852]
1952,[ 0.69209903]
1953,[ 0.17793532]
1954,[ 0.60085487]
1955,[ 0.2795136]
1956,[ 0.72404617]
1957,[ 0.55596441]
1958,[ 0.41832948]
1959,[ 0.64037716]
1960,[ 0.7149455]
1961,[ 0.44643903]
1962,[ 0.65372455]
1963,[ 0.48455262]
1964,[ 0.67477173]
1965,[ 0.32251409]
1966,[ 0.55824751]
1967,[ 0.4698101]
1968,[ 0.67789328]
1969,[ 0.4098179]
1970,[ 0.73165023]
1971,[ 0.19348019]
1972,[ 0.71415979]
1973,[ 0.75132215]
1974,[ 0.13569419]
1975,[ 0.14937003]
1976,[ 0.72261256]
1977,[ 0.66247255]
1978,[ 0.32962966]
1979,[ 0.30386102]
1980,[ 0.55510378]
1981,[ 0.8469739]
1982,[ 0.78894091]
1983,[ 0.72806352]
1984,[ 0.51075971]
1985,[ 0.68168008]
1986,[ 0.70003903]
1987,[ 0.68255621]
1988,[ 0.42344233]
1989,[ 0.2058237]
1990,[ 0.65080607]
1991,[ 0.7370618]
1992,[ 0.17658286]
1993,[ 0.52883726]
1994,[ 0.26746452]
1995,[ 0.42970291]
1996,[ 0.6591472]
1997,[ 0.7865302]
1998,[ 0.58350945]
1999,[ 0.00149302]
2000,[ 0.71952498]
2001,[ 0.73892587]
2002,[ 0.44317263]
2003,[ 0.61433178]
2004,[ 0.74641013]
2005,[ 0.73313648]
2006,[ 0.75634813]
2007,[ 0.4272401]
2008,[ 0.55944633]
2009,[ 0.73167658]
2010,[ 0.80254138]
2011,[ 0.66098124]
2012,[ 0.00271535]
2013,[ 0.63928658]
2014,[ 0.37700158]
2015,[ 0.55259162]
2016,[ 0.17554128]
2017,[ 0.68291134]
2018,[ 0.74730265]
2019,[ 0.52593058]
2020,[ 0.71644181]
2021,[ 0.49385539]
2022,[ 0.7720263]
2023,[  1.14696229e-06]
2024,[ 0.10060623]
2025,[ 0.56017506]
2026,[ 0.71479779]
2027,[ 0.81509584]
2028,[ 0.53480697]
2029,[ 0.00549054]
2030,[ 0.72953135]
2031,[ 0.00053413]
2032,[ 0.67568707]
2033,[ 0.51535952]
2034,[ 0.65152258]
2035,[ 0.4020713]
2036,[ 0.64440364]
2037,[ 0.65640783]
2038,[ 0.54152268]
2039,[ 0.30164647]
2040,[ 0.21539125]
2041,[ 0.33583182]
2042,[ 0.70805979]
2043,[ 0.48796159]
2044,[ 0.6164403]
2045,[ 0.51317269]
2046,[ 0.42545423]
2047,[ 0.43109816]
2048,[ 0.44621688]
2049,[ 0.71153426]
2050,[ 0.572236]
2051,[ 0.48665905]
2052,[ 0.49255756]
2053,[ 0.73222798]
2054,[ 0.48800245]
2055,[ 0.18180819]
2056,[ 0.74733537]
2057,[ 0.50535804]
2058,[ 0.49894953]
2059,[ 0.50071561]
2060,[ 0.6119079]
2061,[ 0.64560837]
2062,[ 0.24146272]
2063,[ 0.74422085]
2064,[ 0.21748173]
2065,[ 0.60518038]
2066,[ 0.44917303]
2067,[ 0.1767872]
2068,[ 0.73924935]
2069,[ 0.50026876]
2070,[ 0.21050788]
2071,[ 0.37162289]
2072,[ 0.17298503]
2073,[ 0.48139375]
2074,[ 0.76944566]
2075,[ 0.58218569]
2076,[ 0.66809779]
2077,[ 0.65774608]
2078,[ 0.0633259]
2079,[ 0.78974164]
2080,[ 0.16060199]
2081,[ 0.61049676]
2082,[ 0.6642918]
2083,[ 0.67980891]
2084,[ 0.33483842]
2085,[ 0.72801334]
2086,[ 0.80007493]
2087,[ 0.61731285]
2088,[ 0.28482214]
2089,[ 0.10295179]
2090,[ 0.35104272]
2091,[ 0.29495376]
2092,[ 0.4585889]
2093,[ 0.60221916]
2094,[ 0.44283614]
2095,[ 0.06751806]
2096,[ 0.33708489]
2097,[ 0.44498038]
2098,[ 0.61117208]
2099,[ 0.4605965]
2100,[ 0.56325352]
2101,[ 0.75993454]
2102,[ 0.1617759]
2103,[ 0.24436712]
2104,[ 0.78877157]
2105,[ 0.31878147]
2106,[ 0.05575548]
2107,[ 0.67395204]
2108,[ 0.37246892]
2109,[ 0.18618286]
2110,[ 0.44216219]
2111,[ 0.13336092]
2112,[ 0.59014177]
2113,[ 0.74819434]
2114,[ 0.32290709]
2115,[ 0.68216717]
2116,[ 0.13501911]
2117,[ 0.49771115]
2118,[ 0.84928572]
2119,[ 0.43347278]
2120,[ 0.55531889]
2121,[ 0.38377747]
2122,[ 0.27479786]
2123,[ 0.40373641]
2124,[ 0.57809496]
2125,[ 0.34251675]
2126,[ 0.49563193]
2127,[ 0.62776256]
2128,[ 0.50590062]
2129,[ 0.59485668]
2130,[ 0.54654121]
2131,[ 0.37119719]
2132,[ 0.54881012]
2133,[ 0.56767136]
2134,[ 0.6717056]
2135,[ 0.74148107]
2136,[ 0.49570209]
2137,[ 0.705423]
2138,[ 0.42719683]
2139,[ 0.79348183]
2140,[ 0.24884212]
2141,[ 0.53271896]
2142,[ 0.44916445]
2143,[ 0.54772502]
2144,[ 0.17241634]
2145,[ 0.31486723]
2146,[ 0.67457634]
2147,[ 0.7468493]
2148,[ 0.72198421]
2149,[ 0.54473591]
2150,[ 0.68685293]
2151,[ 0.58569098]
2152,[ 0.8947193]
2153,[ 0.21913928]
2154,[ 0.37620473]
2155,[ 0.80517077]
2156,[ 0.71346015]
2157,[ 0.11333727]
2158,[ 0.64476687]
2159,[ 0.46725622]
2160,[ 0.51040381]
2161,[ 0.2821421]
2162,[ 0.63057119]
2163,[ 0.20371795]
2164,[ 0.4885461]
2165,[ 0.52782226]
2166,[ 0.57118827]
2167,[ 0.62287068]
2168,[ 0.33672497]
2169,[ 0.27393326]
2170,[ 0.77954316]
2171,[ 0.68993998]
2172,[ 0.74708033]
2173,[ 0.48344889]
2174,[ 0.07403734]
2175,[ 0.73492521]
2176,[ 0.307349]
2177,[ 0.23552322]
2178,[ 0.13660921]
2179,[ 0.58769399]
2180,[ 0.61309874]
2181,[ 0.24271744]
2182,[ 0.54630661]
2183,[ 0.67634338]
2184,[ 0.54207194]
2185,[ 0.22864814]
2186,[ 0.52942741]
2187,[ 0.22973396]
2188,[ 0.44017681]
2189,[ 0.14238521]
2190,[ 0.37873599]
2191,[ 0.589616]
2192,[ 0.18332687]
2193,[ 0.07607674]
2194,[ 0.65839499]
2195,[ 0.52761889]
2196,[ 0.42152131]
2197,[ 0.53272295]
2198,[ 0.40386379]
2199,[ 0.3063888]
2200,[ 0.17076325]
2201,[ 0.61564398]
2202,[ 0.36227024]
2203,[ 0.43572879]
2204,[ 0.35652432]
2205,[ 0.56570268]
2206,[ 0.42891604]
2207,[ 0.00389331]
2208,[ 0.61218804]
2209,[ 0.62780404]
2210,[ 0.00020867]
2211,[ 0.68978417]
2212,[ 0.01160487]
2213,[ 0.67942989]
2214,[ 0.29440427]
2215,[ 0.7580896]
2216,[ 0.85810369]
2217,[ 0.64371443]
2218,[ 0.64907318]
2219,[ 0.54429388]
2220,[ 0.76493239]
2221,[ 0.56441319]
2222,[  3.42529984e-06]
2223,[ 0.71836495]
2224,[ 0.57354206]
2225,[ 0.50796551]
2226,[ 0.44257388]
2227,[ 0.65583473]
2228,[ 0.56292534]
2229,[ 0.67165983]
2230,[ 0.14824307]
2231,[ 0.23604901]
2232,[ 0.41324431]
2233,[ 0.13207705]
2234,[ 0.4846952]
2235,[ 0.28361574]
2236,[ 0.47937134]
2237,[ 0.67423499]
2238,[ 0.53326935]
2239,[ 0.79327214]
2240,[ 0.63095617]
2241,[ 0.07863788]
2242,[ 0.49542972]
2243,[ 0.13090691]
2244,[ 0.54618382]
2245,[ 0.30707219]
2246,[ 0.54860479]
2247,[ 0.50920784]
2248,[ 0.5746997]
2249,[ 0.48168865]
2250,[ 0.21494809]
2251,[ 0.82438779]
2252,[ 0.48947141]
2253,[ 0.48613998]
2254,[ 0.48896733]
2255,[ 0.52497917]
2256,[ 0.0286559]
2257,[ 0.62114573]
2258,[ 0.50965887]
2259,[ 0.71271509]
2260,[ 0.71497703]
2261,[ 0.57209581]
2262,[ 0.48167661]
2263,[ 0.64065725]
2264,[ 0.36164483]
2265,[ 0.63926518]
2266,[ 0.56324178]
2267,[ 0.66261357]
2268,[ 0.65001732]
2269,[ 0.67452019]
2270,[ 0.2282629]
2271,[ 0.7345084]
2272,[ 0.57838219]
2273,[ 0.12179092]
2274,[ 0.32881862]
2275,[ 0.49595079]
2276,[ 0.40319568]
2277,[ 0.60837394]
2278,[ 0.65498167]
2279,[ 0.26867145]
2280,[ 0.60287738]
2281,[ 0.37670681]
2282,[ 0.46149847]
2283,[ 0.25006536]
2284,[ 0.58801425]
2285,[ 0.32356417]
2286,[ 0.05353427]
2287,[ 0.72348803]
2288,[ 0.19594055]
2289,[ 0.48263836]
2290,[ 0.41526875]
2291,[ 0.28049743]
2292,[ 0.34814903]
2293,[ 0.29035378]
2294,[ 0.28093904]
2295,[ 0.27223963]
2296,[ 0.84329593]
2297,[ 0.65581352]
2298,[ 0.02293598]
2299,[ 0.42929882]
2300,[ 0.32338101]
2301,[ 0.58219588]
2302,[ 0.60655737]
2303,[ 0.43488652]
2304,[ 0.60906994]
2305,[ 0.00175855]
2306,[ 0.63092035]
2307,[ 0.3017343]
2308,[ 0.63249803]
2309,[ 0.42923692]
2310,[ 0.35683498]
2311,[ 0.57637244]
2312,[ 0.45347425]
2313,[ 0.33677274]
2314,[ 0.71953201]
2315,[ 0.61264282]
2316,[ 0.69926172]
2317,[ 0.48426345]
2318,[ 0.3512525]
2319,[ 0.13989367]
2320,[ 0.67794555]
2321,[ 0.27185398]
2322,[ 0.43352956]
2323,[ 0.87657875]
2324,[ 0.61126202]
2325,[ 0.59520566]
2326,[ 0.34098637]
2327,[ 0.27755827]
2328,[ 0.58937317]
2329,[ 0.62567842]
2330,[ 0.43026727]
2331,[ 0.31732437]
2332,[ 0.39721817]
2333,[ 0.32880396]
2334,[ 0.51981574]
2335,[ 0.03609648]
2336,[ 0.60132784]
2337,[ 0.74364895]
2338,[ 0.67176318]
2339,[ 0.38031861]
2340,[ 0.75087041]
2341,[ 0.24523464]
2342,[ 0.50584334]
2343,[ 0.71484768]
2344,[ 0.72882426]
2345,[ 0.51107407]
2346,[ 0.06793901]
2347,[ 0.71007103]
2348,[ 0.16209573]
2349,[ 0.56109959]
2350,[ 0.01229368]
2351,[ 0.71159273]
2352,[ 0.33718014]
2353,[ 0.6647737]
2354,[ 0.62685931]
2355,[ 0.71002668]
2356,[ 0.79130286]
2357,[ 0.42151529]
2358,[ 0.68243945]
2359,[ 0.02317025]
2360,[ 0.24496089]
2361,[ 0.57383811]
2362,[ 0.76597577]
2363,[ 0.51250088]
2364,[ 0.37193918]
2365,[ 0.6992026]
2366,[ 0.53835839]
2367,[ 0.3973121]
2368,[ 0.43570504]
2369,[ 0.33706665]
2370,[ 0.14147627]
2371,[ 0.70357597]
2372,[ 0.48532781]
2373,[ 0.09410666]
2374,[ 0.10046608]
2375,[ 0.6754002]
2376,[ 0.6643337]
2377,[ 0.55306023]
2378,[ 0.43215406]
2379,[ 0.21810654]
2380,[ 0.26429218]
2381,[ 0.77384782]
2382,[ 0.19121262]
2383,[ 0.50274694]
2384,[ 0.13898961]
2385,[ 0.72710037]
2386,[ 0.60855895]
2387,[ 0.17660797]
2388,[ 0.09687344]
2389,[ 0.38100719]
2390,[ 0.23335281]
2391,[ 0.55120897]
2392,[ 0.59331506]
2393,[ 0.7221517]
2394,[ 0.15132149]
2395,[ 0.10334272]
2396,[ 0.15715307]
2397,[ 0.5761323]
2398,[ 0.6914041]
2399,[ 0.46888009]
2400,[ 0.19235162]
2401,[ 0.57120305]
2402,[ 0.71879536]
2403,[ 0.76184297]
2404,[ 0.11050849]
2405,[ 0.6720047]
2406,[ 0.57350576]
2407,[ 0.42050031]
2408,[ 0.03261724]
2409,[ 0.60358936]
2410,[ 0.27291226]
2411,[ 0.51422548]
2412,[ 0.25274214]
2413,[ 0.23529138]
2414,[ 0.23888013]
2415,[ 0.58469158]
2416,[ 0.28798613]
2417,[ 0.68332106]
2418,[ 0.67822909]
2419,[ 0.48333117]
2420,[ 0.55697411]
2421,[ 0.84405577]
2422,[ 0.56030697]
2423,[ 0.80782962]
2424,[ 0.34215385]
2425,[ 0.23434718]
2426,[ 0.47784472]
2427,[ 0.32492411]
2428,[ 0.64626223]
2429,[ 0.25564045]
2430,[ 0.54001999]
2431,[ 0.11981116]
2432,[ 0.7139197]
2433,[ 0.20542486]
2434,[ 0.05557349]
2435,[ 0.14881299]
2436,[ 0.69940561]
2437,[ 0.45520297]
2438,[ 0.41612187]
2439,[ 0.28114662]
2440,[ 0.1702574]
2441,[ 0.82362354]
2442,[ 0.61651051]
2443,[ 0.12834795]
2444,[ 0.36683056]
2445,[ 0.15010183]
2446,[ 0.84973168]
2447,[ 0.76052612]
2448,[ 0.67109907]
2449,[ 0.60290486]
2450,[ 0.75909144]
2451,[ 0.06764107]
2452,[ 0.09845889]
2453,[ 0.6836766]
2454,[ 0.00929736]
2455,[ 0.22025205]
2456,[ 0.17795691]
2457,[ 0.45950225]
2458,[ 0.59578961]
2459,[ 0.47312978]
2460,[ 0.58847034]
2461,[ 0.73410255]
2462,[ 0.39098394]
2463,[ 0.55867088]
2464,[ 0.77768052]
2465,[ 0.58454496]
2466,[ 0.12898919]
2467,[ 0.63519734]
2468,[ 0.4939594]
2469,[ 0.77573097]
2470,[ 0.13137977]
2471,[ 0.46750987]
2472,[ 0.01442879]
2473,[ 0.42947033]
2474,[ 0.49579117]
2475,[ 0.64699394]
2476,[ 0.05326841]
2477,[ 0.58583403]
2478,[ 0.68457174]
2479,[ 0.68337119]
2480,[ 0.43518859]
2481,[ 0.62478405]
2482,[ 0.46775752]
2483,[ 0.78770578]
2484,[ 0.69615233]
2485,[ 0.60280633]
2486,[ 0.61382622]
2487,[ 0.38030332]
2488,[ 0.19864731]
2489,[ 0.58595526]
2490,[ 0.66227734]
2491,[ 0.48629138]
2492,[ 0.7297489]
2493,[ 0.79416203]
2494,[ 0.42424688]
2495,[ 0.56120551]
2496,[ 0.36619961]
2497,[ 0.84467435]
2498,[ 0.43289137]
2499,[ 0.76680744]
2500,[ 0.56642127]
2501,[  4.44102661e-05]
2502,[ 0.77809769]
2503,[ 0.58692223]
2504,[ 0.40498999]
2505,[ 0.31723475]
2506,[ 0.56245095]
2507,[ 0.19550666]
2508,[ 0.2530975]
2509,[ 0.41174832]
2510,[ 0.10635537]
2511,[ 0.68863016]
2512,[ 0.10628992]
2513,[ 0.5808658]
2514,[ 0.57707042]
2515,[ 0.6590274]
2516,[ 0.26910472]
2517,[ 0.45536247]
2518,[ 0.13693477]
2519,[ 0.67811722]
2520,[ 0.75871933]
2521,[ 0.69302166]
2522,[ 0.02820811]
2523,[ 0.3483707]
2524,[ 0.5792073]
2525,[ 0.71026707]
2526,[ 0.61444867]
2527,[ 0.3113426]
2528,[ 0.01625335]
2529,[ 0.73710155]
2530,[ 0.809497]
2531,[ 0.84940034]
2532,[ 0.32334709]
2533,[ 0.70515382]
2534,[ 0.75210524]
2535,[ 0.55999488]
2536,[ 0.05714213]
2537,[ 0.61228067]
2538,[ 0.58995777]
2539,[ 0.83344012]
2540,[ 0.17490275]
2541,[ 0.78056318]
2542,[ 0.08497457]
2543,[ 0.7816332]
2544,[ 0.62845635]
2545,[ 0.27213249]
2546,[ 0.60890782]
2547,[ 0.25304124]
2548,[ 0.56851614]
2549,[ 0.65615374]
2550,[ 0.66354871]
2551,[ 0.57897604]
2552,[ 0.65856421]
2553,[ 0.71267885]
2554,[ 0.73598021]
2555,[ 0.64090651]
2556,[ 0.07191788]
2557,[  5.14086696e-06]
2558,[ 0.68918043]
2559,[ 0.45152935]
2560,[ 0.63087845]
2561,[ 0.39567977]
2562,[ 0.56380278]
2563,[ 0.36670265]
2564,[ 0.51799929]
2565,[ 0.49994767]
2566,[ 0.82263589]
2567,[ 0.24511977]
2568,[ 0.51761675]
2569,[ 0.08789364]
2570,[ 0.59020126]
2571,[ 0.18263833]
2572,[ 0.07733826]
2573,[ 0.54935688]
2574,[ 0.05473309]
2575,[ 0.71626669]
2576,[ 0.55063754]
2577,[ 0.64391345]
2578,[ 0.55391312]
2579,[ 0.09465341]
2580,[ 0.02408412]
2581,[ 0.60653728]
2582,[ 0.71877873]
2583,[ 0.75808305]
2584,[ 0.35654643]
2585,[ 0.21077423]
2586,[ 0.56649792]
2587,[ 0.21590391]
2588,[ 0.58671069]
2589,[ 0.76076537]
2590,[ 0.25770825]
2591,[ 0.32778093]
2592,[ 0.68653905]
2593,[ 0.71192402]
2594,[ 0.74017203]
2595,[ 0.00187214]
2596,[ 0.50542563]
2597,[ 0.3559483]
2598,[ 0.43371981]
2599,[ 0.4404346]
2600,[  6.59205034e-05]
2601,[ 0.03464225]
2602,[ 0.66839433]
2603,[ 0.427035]
2604,[ 0.59511524]
2605,[ 0.49428734]
2606,[ 0.67862916]
2607,[ 0.23253103]
2608,[ 0.16261883]
2609,[ 0.13395065]
2610,[ 0.67280662]
2611,[ 0.75352967]
2612,[ 0.26669836]
2613,[ 0.26708356]
2614,[ 0.71709031]
2615,[ 0.65441537]
2616,[ 0.51169282]
2617,[ 0.38398203]
2618,[ 0.67234051]
2619,[ 0.75291979]
2620,[ 0.53035611]
2621,[ 0.46673471]
2622,[ 0.20694418]
2623,[ 0.85241842]
2624,[ 0.57794911]
2625,[ 0.4296045]
2626,[ 0.77618957]
2627,[ 0.36808896]
2628,[ 0.82412457]
2629,[ 0.67996991]
2630,[ 0.22657834]
2631,[ 0.37692076]
2632,[ 0.19610113]
2633,[ 0.21856047]
2634,[ 0.26563457]
2635,[ 0.07438722]
2636,[ 0.00161078]
2637,[ 0.55042291]
2638,[ 0.77915478]
2639,[ 0.70232117]
2640,[ 0.30515358]
2641,[ 0.2813614]
2642,[ 0.20677808]
2643,[ 0.61064035]
2644,[  6.53752431e-05]
2645,[ 0.79438037]
2646,[ 0.3443051]
2647,[ 0.4318164]
2648,[ 0.10332167]
2649,[ 0.3698298]
2650,[ 0.54586887]
2651,[ 0.28560147]
2652,[ 0.15874307]
2653,[ 0.75992656]
2654,[ 0.11422496]
2655,[ 0.61927867]
2656,[ 0.69339329]
2657,[ 0.5147149]
2658,[ 0.38526788]
2659,[ 0.29433617]
2660,[ 0.13401116]
2661,[ 0.62573832]
2662,[ 0.56813604]
2663,[ 0.38553178]
2664,[ 0.52915418]
2665,[ 0.51326126]
2666,[ 0.59422278]
2667,[ 0.69346398]
2668,[ 0.73363894]
2669,[ 0.36470434]
2670,[ 0.26235393]
2671,[ 0.72374487]
2672,[ 0.73872823]
2673,[ 0.60975838]
2674,[ 0.29853302]
2675,[ 0.44724655]
2676,[ 0.78959996]
2677,[ 0.57247239]
2678,[ 0.71685362]
2679,[ 0.62798673]
2680,[ 0.86762804]
2681,[ 0.59439075]
2682,[ 0.29319113]
2683,[ 0.08437566]
2684,[ 0.4872084]
2685,[ 0.10190722]
2686,[ 0.76651603]
2687,[ 0.57065541]
2688,[ 0.26787648]
2689,[ 0.03487581]
2690,[ 0.44674915]
2691,[ 0.26918149]
2692,[ 0.26497099]
2693,[ 0.38978717]
2694,[ 0.65177709]
2695,[ 0.74439389]
2696,[ 0.29886419]
2697,[ 0.66700548]
2698,[ 0.56803817]
2699,[ 0.45288354]
2700,[ 0.54289216]
2701,[ 0.69962472]
2702,[ 0.26618853]
2703,[ 0.37629092]
2704,[ 0.19218004]
2705,[ 0.53088909]
2706,[ 0.12567772]
2707,[ 0.31340528]
2708,[ 0.56502962]
2709,[ 0.48597732]
2710,[ 0.80156589]
2711,[ 0.80171877]
2712,[ 0.23521098]
2713,[ 0.59959579]
2714,[ 0.68477887]
2715,[ 0.20614137]
2716,[ 0.30916387]
2717,[ 0.73394597]
2718,[ 0.36249521]
2719,[ 0.55535835]
2720,[ 0.67323148]
2721,[ 0.16998403]
2722,[ 0.50451827]
2723,[ 0.26284891]
2724,[ 0.39122519]
2725,[ 0.60579443]
2726,[ 0.32695499]
2727,[ 0.7073431]
2728,[ 0.3809782]
2729,[ 0.25205684]
2730,[ 0.7255767]
2731,[ 0.53560168]
2732,[ 0.48109311]
2733,[ 0.80903554]
2734,[ 0.40379155]
2735,[ 0.6892072]
2736,[ 0.38531321]
2737,[ 0.66313976]
2738,[ 0.00890174]
2739,[ 0.22328751]
2740,[ 0.20631017]
2741,[ 0.70797497]
2742,[ 0.56528068]
2743,[ 0.39747763]
2744,[ 0.5286532]
2745,[ 0.65859348]
2746,[ 0.61037832]
2747,[  6.59998259e-05]
2748,[ 0.60682487]
2749,[ 0.64710462]
2750,[ 0.43430319]
2751,[ 0.13948709]
2752,[ 0.7085526]
2753,[ 0.56240511]
2754,[ 0.68307084]
2755,[ 0.2970674]
2756,[ 0.4315168]
2757,[ 0.23924606]
2758,[ 0.6182676]
2759,[ 0.40956944]
2760,[ 0.04040919]
2761,[ 0.24296306]
2762,[ 0.68750089]
2763,[ 0.29446581]
2764,[ 0.84019536]
2765,[ 0.15696648]
2766,[ 0.34090555]
2767,[ 0.2576322]
2768,[ 0.1492582]
2769,[ 0.68876565]
2770,[ 0.71800172]
2771,[ 0.35310289]
2772,[ 0.51683629]
2773,[ 0.14482768]
2774,[ 0.80794513]
2775,[ 0.57812744]
2776,[ 0.7304132]
2777,[ 0.03090239]
2778,[ 0.79077077]
2779,[ 0.40546]
2780,[ 0.62704784]
2781,[ 0.64474756]
2782,[ 0.09302692]
2783,[ 0.27829185]
2784,[ 0.60778981]
2785,[ 0.86300588]
2786,[ 0.74788558]
2787,[ 0.14223023]
2788,[ 0.61997664]
2789,[ 0.315716]
2790,[  7.46808219e-05]
2791,[ 0.51233846]
2792,[ 0.63459599]
2793,[ 0.0027922]
2794,[ 0.64208096]
2795,[ 0.23886478]
2796,[ 0.22040159]
2797,[ 0.68095464]
2798,[ 0.1058367]
2799,[ 0.46789318]
2800,[ 0.44138861]
2801,[ 0.7244848]
2802,[ 0.33724567]
2803,[ 0.35052106]
2804,[ 0.15933664]
2805,[ 0.03717558]
2806,[ 0.63178712]
2807,[ 0.72762638]
2808,[ 0.00439574]
2809,[ 0.57919949]
2810,[ 0.47614667]
2811,[ 0.65760326]
2812,[ 0.70441312]
2813,[ 0.46709168]
2814,[ 0.52965301]
2815,[ 0.3675541]
2816,[ 0.17278023]
2817,[ 0.69455045]
2818,[ 0.6691168]
2819,[ 0.34392962]
2820,[ 0.79022259]
2821,[ 0.21845429]
2822,[ 0.71196955]
2823,[ 0.67132556]
2824,[ 0.52118331]
2825,[ 0.61882955]
2826,[ 0.00047505]
2827,[ 0.61472011]
2828,[ 0.20892093]
2829,[ 0.65128148]
2830,[ 0.72653961]
2831,[ 0.77792966]
2832,[ 0.46718836]
2833,[ 0.5137791]
2834,[ 0.56706029]
2835,[ 0.28426015]
2836,[ 0.05639206]
2837,[ 0.62913847]
2838,[ 0.31526968]
2839,[ 0.80922723]
2840,[ 0.63379264]
2841,[ 0.80848795]
2842,[ 0.68060255]
2843,[ 0.18897414]
2844,[ 0.20740254]
2845,[ 0.62621188]
2846,[ 0.86442959]
2847,[ 0.79868245]
2848,[ 0.48309791]
2849,[ 0.63427585]
2850,[ 0.86132115]
2851,[ 0.74852371]
2852,[ 0.00045078]
2853,[ 0.60759926]
2854,[ 0.43315643]
2855,[ 0.63516331]
2856,[ 0.60873789]
2857,[ 0.33953971]
2858,[ 0.48683867]
2859,[ 0.64665753]
2860,[ 0.58737284]
2861,[ 0.59807217]
2862,[ 0.68542218]
2863,[ 0.75709403]
2864,[ 0.44525096]
2865,[ 0.13830373]
2866,[ 0.73328406]
2867,[ 0.0740003]
2868,[ 0.18742852]
2869,[ 0.50151801]
2870,[ 0.5570758]
2871,[ 0.69135416]
2872,[ 0.61307335]
2873,[ 0.70474285]
2874,[ 0.4458344]
2875,[ 0.23858739]
2876,[ 0.48366013]
2877,[ 0.75634754]
2878,[ 0.35294253]
2879,[ 0.6699695]
2880,[ 0.70717812]
2881,[ 0.86960632]
2882,[ 0.46782368]
2883,[ 0.67684197]
2884,[ 0.67044961]
2885,[ 0.73782992]
2886,[ 0.69445699]
2887,[ 0.63256723]
2888,[ 0.46630409]
2889,[ 0.37257367]
2890,[ 0.68020588]
2891,[ 0.35853037]
2892,[ 0.30660111]
2893,[ 0.74370295]
2894,[ 0.69353765]
2895,[ 0.21406052]
2896,[ 0.82613015]
2897,[ 0.66920179]
2898,[ 0.28237861]
2899,[ 0.85346991]
2900,[ 0.806665]
2901,[ 0.45772344]
2902,[ 0.7230373]
2903,[ 0.27057609]
2904,[ 0.42265987]
2905,[ 0.70547545]
2906,[ 0.30108443]
2907,[ 0.32896239]
2908,[ 0.19465293]
2909,[ 0.46772355]
2910,[ 0.1462909]
2911,[ 0.35721722]
2912,[ 0.46665433]
2913,[ 0.32335609]
2914,[ 0.17061166]
2915,[ 0.54712105]
2916,[ 0.59706211]
2917,[ 0.06618311]
2918,[ 0.20292206]
2919,[ 0.27847341]
2920,[ 0.73244512]
2921,[ 0.59690231]
2922,[ 0.53201795]
2923,[ 0.68888974]
2924,[ 0.28266639]
2925,[ 0.54846388]
2926,[ 0.6739338]
2927,[ 0.74112314]
2928,[ 0.58462256]
2929,[ 0.44731376]
2930,[ 0.84171724]
2931,[ 0.35984436]
2932,[ 0.65112919]
2933,[ 0.69149959]
2934,[ 0.80720991]
2935,[ 0.44307443]
2936,[ 0.44266126]
2937,[ 0.69178641]
2938,[ 0.17856693]
2939,[ 0.37327614]
2940,[ 0.41834322]
2941,[ 0.40094429]
2942,[ 0.73366833]
2943,[ 0.23305084]
2944,[ 0.15575069]
2945,[ 0.10241859]
2946,[ 0.18507184]
2947,[ 0.80824816]
2948,[ 0.35699704]
2949,[ 0.03369052]
2950,[ 0.75082254]
2951,[ 0.72443837]
2952,[ 0.54867852]
2953,[ 0.16969077]
2954,[ 0.34180313]
2955,[ 0.72693032]
2956,[ 0.2430387]
2957,[ 0.6418882]
2958,[ 0.00274036]
2959,[ 0.65398848]
2960,[ 0.78439128]
2961,[ 0.45502135]
2962,[ 0.85305238]
2963,[ 0.71482128]
2964,[ 0.6831727]
2965,[ 0.70609504]
2966,[ 0.73862159]
2967,[ 0.26565146]
2968,[ 0.75259048]
2969,[ 0.12085207]
2970,[ 0.4692685]
2971,[ 0.44414353]
2972,[ 0.6096068]
2973,[ 0.78207934]
2974,[ 0.77633309]
2975,[ 0.51645684]
2976,[ 0.44134539]
2977,[ 0.50104278]
2978,[ 0.00066664]
2979,[ 0.53849894]
2980,[ 0.43687072]
2981,[ 0.66982442]
2982,[  4.65179401e-05]
2983,[ 0.61603773]
2984,[ 0.24599709]
2985,[ 0.75554013]
2986,[ 0.72233415]
2987,[ 0.55164897]
2988,[ 0.48506561]
2989,[ 0.55163699]
2990,[ 0.43445373]
2991,[ 0.17222083]
2992,[ 0.64359301]
2993,[ 0.59628338]
2994,[ 0.65466475]
2995,[ 0.37312061]
2996,[ 0.53504008]
2997,[ 0.76147455]
2998,[ 0.77216148]
2999,[ 0.33590171]
3000,[ 0.53420156]
3001,[ 0.48194292]
3002,[ 0.08134346]
3003,[ 0.58799517]
3004,[ 0.62624121]
3005,[ 0.66826266]
3006,[ 0.46255377]
3007,[ 0.56568807]
3008,[ 0.47503042]
3009,[ 0.50853753]
3010,[ 0.66441387]
3011,[ 0.25842142]
3012,[  2.82136453e-10]
3013,[ 0.21335582]
3014,[ 0.74483764]
3015,[ 0.40206829]
3016,[ 0.72814262]
3017,[ 0.62764353]
3018,[ 0.64098042]
3019,[ 0.75694621]
3020,[ 0.21823156]
3021,[ 0.17266266]
3022,[ 0.4824203]
3023,[ 0.26593044]
3024,[ 0.73302066]
3025,[ 0.73600149]
3026,[ 0.55919272]
3027,[ 0.78520936]
3028,[ 0.71874523]
3029,[ 0.25453517]
3030,[ 0.36526123]
3031,[ 0.82746953]
3032,[ 0.2435797]
3033,[ 0.27178326]
3034,[ 0.03456385]
3035,[ 0.44465184]
3036,[ 0.65189213]
3037,[ 0.64509255]
3038,[ 0.02198256]
3039,[ 0.11425511]
3040,[ 0.63438642]
3041,[  1.27801775e-06]
3042,[ 0.73114401]
3043,[ 0.16475916]
3044,[ 0.19405733]
3045,[ 0.73186833]
3046,[ 0.68845844]
3047,[ 0.66438407]
3048,[ 0.62111384]
3049,[ 0.40974006]
3050,[ 0.67052585]
3051,[ 0.39958322]
3052,[ 0.73946631]
3053,[ 0.57619566]
3054,[ 0.37636471]
3055,[ 0.3572785]
3056,[ 0.72046268]
3057,[ 0.23262076]
3058,[ 0.79299718]
3059,[ 0.38729763]
3060,[ 0.40432638]
3061,[ 0.75299329]
3062,[ 0.73394704]
3063,[ 0.08247437]
3064,[ 0.00171779]
3065,[ 0.51720333]
3066,[ 0.62034237]
3067,[ 0.74367672]
3068,[ 0.82554615]
3069,[ 0.5292545]
3070,[ 0.17528711]
3071,[ 0.48906448]
3072,[ 0.66008765]
3073,[ 0.72423863]
3074,[ 0.67575353]
3075,[ 0.35736838]
3076,[ 0.39407346]
3077,[ 0.50772059]
3078,[ 0.72432435]
3079,[ 0.65357369]
3080,[ 0.24923189]
3081,[ 0.56883192]
3082,[ 0.54297918]
3083,[ 0.85536575]
3084,[ 0.63329005]
3085,[ 0.53546208]
3086,[ 0.60263944]
3087,[ 0.76828402]
3088,[ 0.21072076]
3089,[ 0.63772148]
3090,[ 0.4174712]
3091,[ 0.30193061]
3092,[ 0.62270218]
3093,[ 0.53107947]
3094,[ 0.42730439]
3095,[ 0.71453112]
3096,[ 0.32132852]
3097,[ 0.65975976]
3098,[ 0.60601795]
3099,[ 0.32807395]
3100,[ 0.52991194]
3101,[ 0.34513253]
3102,[ 0.63790423]
3103,[ 0.25276947]
3104,[ 0.00638792]
3105,[ 0.08228658]
3106,[ 0.57784742]
3107,[ 0.35886693]
3108,[ 0.76824594]
3109,[ 0.6629582]
3110,[ 0.77832401]
3111,[ 0.66188705]
3112,[ 0.64962614]
3113,[ 0.1831155]
3114,[ 0.42996559]
3115,[ 0.52504128]
3116,[ 0.5374375]
3117,[  9.59544341e-05]
3118,[ 0.51397645]
3119,[ 0.01396961]
3120,[ 0.39625326]
3121,[ 0.61372805]
3122,[ 0.66019332]
3123,[ 0.57239211]
3124,[ 0.70549738]
3125,[ 0.71774858]
3126,[ 0.64983666]
3127,[ 0.37277454]
3128,[ 0.49843991]
3129,[ 0.39813563]
3130,[ 0.69827151]
3131,[ 0.32846698]
3132,[ 0.19459225]
3133,[ 0.52772957]
3134,[ 0.17780106]
3135,[ 0.41802022]
3136,[ 0.61283869]
3137,[ 0.57935458]
3138,[ 0.18936674]
3139,[ 0.62048262]
3140,[ 0.5701887]
3141,[ 0.66286987]
3142,[ 0.6263147]
3143,[ 0.59707212]
3144,[ 0.59763461]
3145,[ 0.7000984]
3146,[ 0.4299216]
3147,[ 0.27682137]
3148,[ 0.70358717]
3149,[ 0.72469163]
3150,[ 0.5765993]
3151,[ 0.05139499]
3152,[ 0.5165652]
3153,[ 0.2201739]
3154,[ 0.26039314]
3155,[ 0.53688616]
3156,[ 0.62498939]
3157,[ 0.32514375]
3158,[ 0.45136496]
3159,[ 0.06101641]
3160,[ 0.32813072]
3161,[ 0.62176532]
3162,[ 0.71258038]
3163,[ 0.77491194]
3164,[ 0.6075663]
3165,[ 0.64927781]
3166,[ 0.78453553]
3167,[ 0.13888159]
3168,[ 0.61022085]
3169,[ 0.51881784]
3170,[ 0.30101803]
3171,[  4.41849033e-06]
3172,[ 0.4425087]
3173,[ 0.64785922]
3174,[ 0.0915927]
3175,[ 0.69092906]
3176,[ 0.3276403]
3177,[ 0.82528925]
3178,[ 0.42288423]
3179,[ 0.13889793]
3180,[ 0.54234731]
3181,[ 0.67561889]
3182,[ 0.69576818]
3183,[ 0.32532433]
3184,[ 0.44963616]
3185,[ 0.25634184]
3186,[ 0.59260231]
3187,[ 0.14995527]
3188,[ 0.49777654]
3189,[ 0.44374135]
3190,[ 0.56372213]
3191,[ 0.73354423]
3192,[ 0.55955994]
3193,[ 0.48345035]
3194,[ 0.19540811]
3195,[ 0.63154805]
3196,[ 0.1365802]
3197,[ 0.61993665]
3198,[ 0.24397095]
3199,[ 0.28166407]
3200,[ 0.27753943]
3201,[ 0.52614057]
3202,[ 0.43556756]
3203,[ 0.70610839]
3204,[ 0.80353117]
3205,[ 0.63433552]
3206,[ 0.78992301]
3207,[ 0.27825511]
3208,[ 0.58103144]
3209,[ 0.21290307]
3210,[ 0.00144024]
3211,[ 0.81226087]
3212,[ 0.46377227]
3213,[ 0.12226216]
3214,[ 0.81410372]
3215,[ 0.69076645]
3216,[ 0.07017179]
3217,[ 0.47867835]
3218,[ 0.46377531]
3219,[ 0.71079284]
3220,[ 0.08900897]
3221,[ 0.51932222]
3222,[ 0.43134239]
3223,[ 0.36376145]
3224,[ 0.14465702]
3225,[ 0.31926671]
3226,[ 0.66246599]
3227,[ 0.54915434]
3228,[ 0.51654738]
3229,[ 0.68516845]
3230,[ 0.66752797]
3231,[ 0.69687063]
3232,[ 0.02184954]
3233,[ 0.61352438]
3234,[ 0.01046875]
3235,[ 0.00998845]
3236,[ 0.42454678]
3237,[ 0.01058876]
3238,[ 0.4966374]
3239,[ 0.58543849]
3240,[ 0.5910393]
3241,[ 0.44610682]
3242,[ 0.68710566]
3243,[ 0.46953622]
3244,[ 0.21909578]
3245,[ 0.03690377]
3246,[ 0.56703007]
3247,[ 0.44550616]
3248,[ 0.77914464]
3249,[ 0.82195604]
3250,[ 0.45125008]
3251,[ 0.13761462]
3252,[ 0.60041064]
3253,[ 0.29891345]
3254,[ 0.13502812]
3255,[ 0.64644051]
3256,[ 0.28320557]
3257,[ 0.7240212]
3258,[ 0.77349508]
3259,[ 0.5225482]
3260,[ 0.19508213]
3261,[ 0.80383056]
3262,[ 0.55380183]
3263,[ 0.80288583]
3264,[ 0.63291645]
3265,[ 0.40805894]
3266,[ 0.26420251]
3267,[ 0.86167973]
3268,[ 0.4333007]
3269,[ 0.47271103]
3270,[ 0.69720036]
3271,[ 0.61104918]
3272,[ 0.68762672]
3273,[ 0.74316138]
3274,[ 0.82045394]
3275,[ 0.24784952]
3276,[ 0.52379835]
3277,[ 0.00129314]
3278,[ 0.64098209]
3279,[ 0.80828255]
3280,[ 0.71647072]
3281,[ 0.47780949]
3282,[ 0.73507053]
3283,[ 0.65686667]
3284,[ 0.81878364]
3285,[ 0.65052015]
3286,[ 0.38777372]
3287,[ 0.78325152]
3288,[ 0.49501032]
3289,[ 0.35764033]
3290,[ 0.07766452]
3291,[ 0.64712]
3292,[ 0.71819794]
3293,[ 0.71061605]
3294,[ 0.73620439]
3295,[ 0.50026423]
3296,[ 0.25252157]
3297,[ 0.76972628]
3298,[ 0.43802917]
3299,[ 0.30186096]
3300,[ 0.88407421]
3301,[ 0.61244941]
3302,[ 0.25639689]
3303,[ 0.32774505]
3304,[ 0.85749876]
3305,[ 0.61225289]
3306,[ 0.69270992]
3307,[ 0.45022178]
3308,[ 0.42920476]
3309,[ 0.30578995]
3310,[ 0.70312965]
3311,[ 0.71182382]
3312,[ 0.53347981]
3313,[ 0.75920445]
3314,[ 0.43982324]
3315,[ 0.48205814]
3316,[ 0.51192057]
3317,[ 0.0954685]
3318,[ 0.62518466]
3319,[ 0.4640528]
3320,[ 0.57496881]
3321,[ 0.43960539]
3322,[ 0.77496988]
3323,[ 0.74632454]
3324,[ 0.08208182]
3325,[ 0.68927222]
3326,[ 0.60805106]
3327,[ 0.79529059]
3328,[ 0.53809941]
3329,[ 0.87355721]
3330,[ 0.51898414]
3331,[ 0.54229152]
3332,[ 0.73767561]
3333,[ 0.60817242]
3334,[ 0.04495941]
3335,[ 0.7361359]
3336,[ 0.13261122]
3337,[ 0.22753929]
3338,[ 0.12087891]
3339,[ 0.50878108]
3340,[ 0.15000023]
3341,[ 0.25850305]
3342,[ 0.61398429]
3343,[ 0.57908875]
3344,[ 0.78319615]
3345,[ 0.22865592]
3346,[ 0.69530356]
3347,[ 0.54994404]
3348,[ 0.11466902]
3349,[ 0.76081842]
3350,[ 0.09231915]
3351,[ 0.80782896]
3352,[ 0.574296]
3353,[ 0.49245855]
3354,[ 0.29717508]
3355,[ 0.49844873]
3356,[ 0.19241461]
3357,[ 0.71730602]
3358,[ 0.57740831]
3359,[ 0.30645329]
3360,[ 0.56410235]
3361,[ 0.63884717]
3362,[ 0.77833349]
3363,[ 0.64448726]
3364,[ 0.66275603]
3365,[ 0.1084743]
3366,[ 0.4756254]
3367,[ 0.71777129]
3368,[ 0.0575625]
3369,[ 0.30398551]
3370,[ 0.18974754]
3371,[ 0.21048574]
3372,[ 0.73830134]
3373,[ 0.33015117]
3374,[ 0.42674255]
3375,[ 0.69560742]
3376,[ 0.59448808]
3377,[ 0.68297589]
3378,[ 0.29450217]
3379,[ 0.65401709]
3380,[ 0.65046573]
3381,[ 0.7303521]
3382,[ 0.108792]
3383,[ 0.72230369]
3384,[ 0.09844313]
3385,[ 0.09828462]
3386,[ 0.72456658]
3387,[ 0.85093558]
3388,[ 0.59331727]
3389,[  2.79992983e-05]
3390,[ 0.83336842]
3391,[ 0.65462434]
3392,[ 0.65672606]
3393,[ 0.57865101]
3394,[ 0.42221439]
3395,[ 0.64383763]
3396,[ 0.61946714]
3397,[ 0.8302477]
3398,[ 0.37963519]
3399,[ 0.8287034]
3400,[ 0.45277271]
3401,[ 0.58055687]
3402,[ 0.15164453]
3403,[ 0.26522246]
3404,[ 0.23149075]
3405,[ 0.31878763]
3406,[ 0.50301373]
3407,[ 0.00150146]
3408,[ 0.64980567]
3409,[ 0.45387429]
3410,[ 0.48624605]
3411,[ 0.34328938]
3412,[ 0.51505852]
3413,[ 0.66245383]
3414,[ 0.68256158]
3415,[ 0.66992199]
3416,[ 0.41840443]
3417,[ 0.20169523]
3418,[ 0.48964065]
3419,[ 0.7097587]
3420,[ 0.22117379]
3421,[ 0.5946362]
3422,[ 0.32550305]
3423,[ 0.27427062]
3424,[ 0.81028795]
3425,[ 0.49380574]
3426,[ 0.73217767]
3427,[ 0.26777548]
3428,[ 0.86427426]
3429,[ 0.2227404]
3430,[ 0.24881056]
3431,[ 0.40157855]
3432,[ 0.00960982]
3433,[ 0.24322183]
3434,[ 0.50703502]
3435,[ 0.26296884]
3436,[ 0.82889009]
3437,[ 0.55147922]
3438,[ 0.72104061]
3439,[ 0.24489786]
3440,[ 0.52107966]
3441,[ 0.37135139]
3442,[ 0.69681925]
3443,[ 0.40766796]
3444,[ 0.57486606]
3445,[ 0.13007505]
3446,[ 0.52788222]
3447,[ 0.71011698]
3448,[ 0.41244453]
3449,[ 0.618007]
3450,[ 0.62186295]
3451,[ 0.62257093]
3452,[ 0.74828452]
3453,[ 0.4247978]
3454,[ 0.04901626]
3455,[ 0.60972369]
3456,[ 0.46122596]
3457,[ 0.3386302]
3458,[ 0.63940346]
3459,[ 0.62088454]
3460,[ 0.00763937]
3461,[ 0.13469402]
3462,[ 0.47176084]
3463,[ 0.01499804]
3464,[ 0.24718545]
3465,[ 0.07882454]
3466,[ 0.6883167]
3467,[ 0.0003632]
3468,[ 0.70041281]
3469,[ 0.31205922]
3470,[ 0.39193287]
3471,[ 0.78037161]
3472,[ 0.24691229]
3473,[ 0.41232982]
3474,[ 0.20099279]
3475,[ 0.69725001]
3476,[ 0.44843796]
3477,[ 0.15566987]
3478,[ 0.09037364]
3479,[ 0.28924799]
3480,[ 0.32989368]
3481,[ 0.73536748]
3482,[ 0.15608937]
3483,[ 0.39329869]
3484,[ 0.70414156]
3485,[ 0.72416532]
3486,[ 0.68982661]
3487,[ 0.42480999]
3488,[ 0.43406764]
3489,[ 0.19599533]
3490,[ 0.71272224]
3491,[ 0.4454329]
3492,[ 0.83746213]
3493,[ 0.12624581]
3494,[ 0.32345074]
3495,[ 0.65450495]
3496,[ 0.41681951]
3497,[ 0.7599842]
3498,[ 0.49898341]
3499,[ 0.67400706]
3500,[ 0.20391338]
3501,[ 0.50691485]
3502,[ 0.68299323]
3503,[ 0.61353648]
3504,[ 0.64653975]
3505,[ 0.38605267]
3506,[ 0.66453171]
3507,[ 0.57101756]
3508,[ 0.53704631]
3509,[ 0.54194278]
3510,[ 0.41825151]
3511,[ 0.00346408]
3512,[ 0.61264253]
3513,[ 0.72196144]
3514,[ 0.56797183]
3515,[ 0.47803816]
3516,[ 0.26521778]
3517,[ 0.852108]
3518,[ 0.4887462]
3519,[ 0.59629798]
3520,[ 0.09783581]
3521,[ 0.35943934]
3522,[ 0.70145506]
3523,[ 0.55715263]
3524,[ 0.22480989]
3525,[ 0.61089098]
3526,[ 0.43231481]
3527,[ 0.77982897]
3528,[ 0.79702246]
3529,[ 0.37625217]
3530,[ 0.65302402]
3531,[ 0.14873691]
3532,[ 0.20493473]
3533,[ 0.69140565]
3534,[ 0.5428434]
3535,[ 0.32440808]
3536,[ 0.74644536]
3537,[ 0.779302]
3538,[ 0.26161194]
3539,[ 0.54589581]
3540,[ 0.17548896]
3541,[ 0.62821078]
3542,[ 0.650482]
3543,[ 0.14023204]
3544,[ 0.42603093]
3545,[ 0.60212463]
3546,[ 0.65375191]
3547,[ 0.67542917]
3548,[ 0.56363392]
3549,[ 0.74498528]
3550,[ 0.18305679]
3551,[ 0.20649442]
3552,[ 0.38676357]
3553,[ 0.45539543]
3554,[ 0.37646639]
3555,[ 0.34520221]
3556,[ 0.70507038]
3557,[ 0.06445713]
3558,[ 0.75808448]
3559,[ 0.13779646]
3560,[ 0.47452858]
3561,[ 0.72957689]
3562,[ 0.70800531]
3563,[ 0.60397643]
3564,[ 0.49812564]
3565,[ 0.3352429]
3566,[ 0.74575704]
3567,[ 0.38205335]
3568,[ 0.22819462]
3569,[ 0.66287816]
3570,[ 0.75202978]
3571,[ 0.62515384]
3572,[ 0.20613611]
3573,[ 0.5952906]
3574,[ 0.05015369]
3575,[ 0.53080654]
3576,[ 0.1835418]
3577,[ 0.43895385]
3578,[ 0.8258431]
3579,[ 0.72490716]
3580,[ 0.11454894]
3581,[ 0.25265694]
3582,[ 0.54014254]
3583,[ 0.13249557]
3584,[ 0.79250973]
3585,[ 0.77800697]
3586,[ 0.33913428]
3587,[ 0.57512844]
3588,[ 0.7193439]
3589,[ 0.58375937]
3590,[ 0.74773067]
3591,[ 0.58397371]
3592,[ 0.04573138]
3593,[ 0.71008253]
3594,[ 0.77767819]
3595,[ 0.71259153]
3596,[ 0.61729056]
3597,[ 0.67461026]
3598,[ 0.06117247]
3599,[ 0.70976043]
3600,[ 0.7381379]
3601,[ 0.42775869]
3602,[ 0.42353204]
3603,[ 0.27567112]
3604,[ 0.68667048]
3605,[ 0.35680285]
3606,[ 0.19313458]
3607,[ 0.53832567]
3608,[ 0.70360595]
3609,[ 0.04970731]
3610,[ 0.19747695]
3611,[ 0.68175787]
3612,[ 0.20102289]
3613,[ 0.14547139]
3614,[ 0.65929681]
3615,[ 0.34428006]
3616,[ 0.34117141]
3617,[ 0.70314527]
3618,[ 0.67705923]
3619,[ 0.46173665]
3620,[ 0.7364493]
3621,[ 0.40093961]
3622,[ 0.73594183]
3623,[ 0.42128715]
3624,[ 0.65432256]
3625,[ 0.37355235]
3626,[ 0.60217792]
3627,[ 0.47458357]
3628,[ 0.6796003]
3629,[ 0.53515893]
3630,[ 0.1382709]
3631,[ 0.49526474]
3632,[ 0.34423551]
3633,[ 0.01732388]
3634,[ 0.8418749]
3635,[ 0.38648579]
3636,[ 0.62937135]
3637,[ 0.69250524]
3638,[ 0.6701448]
3639,[ 0.72892076]
3640,[ 0.37645659]
3641,[ 0.79034257]
3642,[ 0.08365595]
3643,[ 0.0741777]
3644,[ 0.27419075]
3645,[ 0.81908488]
3646,[ 0.70711106]
3647,[ 0.47319886]
3648,[ 0.62702149]
3649,[ 0.50894469]
3650,[ 0.4119024]
3651,[ 0.43559721]
3652,[ 0.15088515]
3653,[ 0.69480336]
3654,[ 0.70392144]
3655,[ 0.30173817]
3656,[ 0.73390019]
3657,[ 0.73109645]
3658,[ 0.14829768]
3659,[ 0.16904821]
3660,[ 0.8626911]
3661,[ 0.76666927]
3662,[ 0.13632442]
3663,[ 0.68686223]
3664,[ 0.75624436]
3665,[ 0.38324621]
3666,[ 0.70103425]
3667,[ 0.16357781]
3668,[ 0.70824724]
3669,[ 0.44786519]
3670,[ 0.02570833]
3671,[ 0.751674]
3672,[ 0.52124494]
3673,[ 0.73434424]
3674,[ 0.8457095]
3675,[ 0.33018881]
3676,[ 0.7840004]
3677,[ 0.77293855]
3678,[ 0.61127698]
3679,[ 0.75234002]
3680,[ 0.72373003]
3681,[ 0.63816208]
3682,[ 0.73463207]
3683,[ 0.47431576]
3684,[ 0.71483666]
3685,[ 0.00451174]
3686,[ 0.23461537]
3687,[ 0.71547985]
3688,[ 0.81223267]
3689,[ 0.26072231]
3690,[ 0.44108573]
3691,[ 0.45377913]
3692,[ 0.08558062]
3693,[ 0.73128921]
3694,[ 0.5299933]
3695,[ 0.65157872]
3696,[ 0.37138677]
3697,[ 0.43467012]
3698,[ 0.48848021]
3699,[ 0.38664278]
3700,[ 0.49743876]
3701,[ 0.4193351]
3702,[ 0.66199046]
3703,[ 0.5027349]
3704,[ 0.72248262]
3705,[ 0.72309256]
3706,[ 0.71278667]
3707,[ 0.01306185]
3708,[ 0.65647179]
3709,[ 0.65512067]
3710,[ 0.82345831]
3711,[ 0.57908708]
3712,[ 0.33960232]
3713,[ 0.86907518]
3714,[ 0.54102492]
3715,[ 0.89842504]
3716,[ 0.1846913]
3717,[ 0.59665638]
3718,[ 0.7832967]
3719,[ 0.03841132]
3720,[ 0.59740412]
3721,[ 0.64661992]
3722,[ 0.45421293]
3723,[ 0.68519205]
3724,[ 0.54647458]
3725,[ 0.39754084]
3726,[ 0.62120372]
3727,[ 0.12054031]
3728,[ 0.76692921]
3729,[ 0.83998555]
3730,[ 0.66345173]
3731,[ 0.64531291]
3732,[ 0.08252529]
3733,[ 0.6458084]
3734,[ 0.61648393]
3735,[ 0.81569523]
3736,[ 0.75147277]
3737,[ 0.66259891]
3738,[ 0.65674347]
3739,[ 0.82149988]
3740,[ 0.81284702]
3741,[ 0.60110438]
3742,[ 0.27300927]
3743,[ 0.68334043]
3744,[ 0.66227531]
3745,[ 0.72508508]
3746,[ 0.39121926]
3747,[ 0.29688451]
3748,[ 0.34233665]
3749,[ 0.71525866]
3750,[ 0.82018661]
3751,[ 0.85979009]
3752,[ 0.50945789]
3753,[ 0.4327122]
3754,[ 0.00045923]
3755,[ 0.05352961]
3756,[ 0.04891237]
3757,[ 0.75019437]
3758,[ 0.08369991]
3759,[ 0.39188197]
3760,[ 0.26429191]
3761,[ 0.75808644]
3762,[ 0.23516707]
3763,[ 0.64611071]
3764,[ 0.73611319]
3765,[ 0.09207357]
3766,[ 0.29429471]
3767,[ 0.85041839]
3768,[ 0.15767162]
3769,[ 0.72281289]
3770,[ 0.22667311]
3771,[ 0.29743406]
3772,[ 0.43029147]
3773,[ 0.67638659]
3774,[ 0.52599263]
3775,[ 0.65904021]
3776,[ 0.67183244]
3777,[ 0.31510347]
3778,[ 0.26308283]
3779,[ 0.18171798]
3780,[ 0.71728969]
3781,[ 0.60403663]
3782,[ 0.12017482]
3783,[ 0.74378824]
3784,[ 0.47516805]
3785,[ 0.71055281]
3786,[ 0.35361502]
3787,[ 0.49280044]
3788,[ 0.67207086]
3789,[ 0.57241565]
3790,[ 0.56294882]
3791,[ 0.36020505]
3792,[ 0.73551685]
3793,[ 0.44320956]
3794,[ 0.49476382]
3795,[ 0.13639347]
3796,[ 0.69849002]
3797,[ 0.86399198]
3798,[ 0.17703299]
3799,[ 0.36351219]
3800,[ 0.41184163]
3801,[ 0.7263732]
3802,[ 0.69854146]
3803,[ 0.75169837]
3804,[ 0.78959113]
3805,[ 0.43846187]
3806,[ 0.3644959]
3807,[ 0.76638347]
3808,[ 0.39618331]
3809,[ 0.53377569]
3810,[ 0.36474124]
3811,[ 0.56607342]
3812,[ 0.62730402]
3813,[ 0.49644208]
3814,[ 0.64045435]
3815,[ 0.68978024]
3816,[ 0.64129287]
3817,[ 0.62342232]
3818,[ 0.6796937]
3819,[ 0.64426064]
3820,[ 0.23021492]
3821,[ 0.41541845]
3822,[ 0.8314504]
3823,[ 0.74591601]
3824,[ 0.25755653]
3825,[ 0.7930699]
3826,[ 0.26489431]
3827,[ 0.66578537]
3828,[ 0.0979466]
3829,[ 0.58071417]
3830,[ 0.55084932]
3831,[ 0.71659368]
3832,[ 0.66378582]
3833,[ 0.29274446]
3834,[ 0.56663078]
3835,[ 0.05173426]
3836,[ 0.10115797]
3837,[ 0.25735873]
3838,[ 0.14190459]
3839,[ 0.07525744]
3840,[ 0.81499314]
3841,[ 0.73860753]
3842,[ 0.60258663]
3843,[ 0.72093827]
3844,[ 0.30500174]
3845,[ 0.26785949]
3846,[ 0.40382355]
3847,[ 0.33204612]
3848,[ 0.80850518]
3849,[ 0.61438942]
3850,[ 0.81474495]
3851,[ 0.78596187]
3852,[ 0.2164571]
3853,[ 0.49387029]
3854,[ 0.32852051]
3855,[ 0.45569903]
3856,[ 0.46706349]
3857,[ 0.69669384]
3858,[ 0.04655023]
3859,[ 0.06201213]
3860,[ 0.6024887]
3861,[ 0.58050716]
3862,[ 0.33882627]
3863,[ 0.63158059]
3864,[ 0.55942392]
3865,[ 0.62776119]
3866,[ 0.41214433]
3867,[ 0.43595913]
3868,[ 0.04205111]
3869,[ 0.50872046]
3870,[ 0.65938509]
3871,[ 0.65390956]
3872,[ 0.47837371]
3873,[ 0.6305511]
3874,[ 0.77829647]
3875,[ 0.49849245]
3876,[ 0.49768057]
3877,[ 0.69918513]
3878,[ 0.57043225]
3879,[ 0.68813586]
3880,[ 0.22230633]
3881,[ 0.69246989]
3882,[ 0.32341355]
3883,[ 0.70215499]
3884,[ 0.65481591]
3885,[ 0.56954241]
3886,[ 0.13874026]
3887,[ 0.42030329]
3888,[ 0.40864515]
3889,[ 0.37205318]
3890,[ 0.79891437]
3891,[ 0.48282486]
3892,[ 0.63409889]
3893,[ 0.02510739]
3894,[ 0.5983299]
3895,[ 0.80968261]
3896,[ 0.08017678]
3897,[ 0.43422219]
3898,[ 0.73256886]
3899,[ 0.46927947]
3900,[ 0.45784456]
3901,[ 0.46172363]
3902,[ 0.74727398]
3903,[ 0.39339375]
3904,[ 0.78373337]
3905,[ 0.59033644]
3906,[ 0.60810971]
3907,[ 0.63827676]
3908,[ 0.03716761]
3909,[ 0.48797849]
3910,[ 0.56242561]
3911,[ 0.50200617]
3912,[ 0.5147171]
3913,[ 0.74493915]
3914,[ 0.44713205]
3915,[ 0.52118409]
3916,[ 0.47615239]
3917,[ 0.16476618]
3918,[ 0.04036362]
3919,[ 0.45047399]
3920,[ 0.55386418]
3921,[ 0.59106338]
3922,[ 0.54054415]
3923,[ 0.42298573]
3924,[ 0.74001861]
3925,[ 0.63731831]
3926,[ 0.71214187]
3927,[ 0.00890042]
3928,[ 0.68533212]
3929,[ 0.46825194]
3930,[ 0.76297641]
3931,[ 0.00018264]
3932,[ 0.35518497]
3933,[ 0.37913948]
3934,[ 0.06148483]
3935,[ 0.36011031]
3936,[ 0.31093061]
3937,[ 0.69985723]
3938,[ 0.6989491]
3939,[ 0.73458099]
3940,[ 0.68272203]
3941,[ 0.2213718]
3942,[ 0.81521374]
3943,[ 0.30326259]
3944,[ 0.39438501]
3945,[ 0.57484829]
3946,[ 0.00013884]
3947,[ 0.28507021]
3948,[ 0.75834155]
3949,[ 0.37125239]
3950,[ 0.3645615]
3951,[ 0.52375501]
3952,[ 0.5838812]
3953,[ 0.54664123]
3954,[ 0.60165507]
3955,[ 0.61988324]
3956,[ 0.20496325]
3957,[ 0.44314224]
3958,[ 0.73308849]
3959,[ 0.74713701]
3960,[ 0.7821871]
3961,[ 0.52442956]
3962,[ 0.61992866]
3963,[ 0.63534456]
3964,[ 0.58730948]
3965,[ 0.69991368]
3966,[ 0.56481808]
3967,[ 0.3062382]
3968,[ 0.46424747]
3969,[ 0.33311296]
3970,[ 0.25652859]
3971,[ 0.44918621]
3972,[ 0.55497909]
3973,[ 0.11506318]
3974,[ 0.49947247]
3975,[ 0.03535461]
3976,[ 0.8515451]
3977,[ 0.7037254]
3978,[ 0.50336468]
3979,[ 0.62942964]
3980,[ 0.35715273]
3981,[ 0.2984843]
3982,[ 0.44179899]
3983,[ 0.21071453]
3984,[ 0.33872825]
3985,[ 0.56518644]
3986,[ 0.52236611]
3987,[ 0.63988453]
3988,[ 0.82534319]
3989,[ 0.67091817]
3990,[ 0.67579138]
3991,[ 0.63165545]
3992,[ 0.77799225]
3993,[ 0.6979897]
3994,[ 0.0451377]
3995,[ 0.00019117]
3996,[ 0.84003717]
3997,[ 0.20461477]
3998,[ 0.56136984]
3999,[ 0.47418562]
4000,[ 0.70378226]
4001,[ 0.80677247]
4002,[ 0.59862274]
4003,[ 0.78911036]
4004,[ 0.53308052]
4005,[ 0.1657811]
4006,[ 0.13059339]
4007,[ 0.77180994]
4008,[ 0.76727623]
4009,[ 0.6584512]
4010,[ 0.7742691]
4011,[ 0.82017666]
4012,[ 0.4586395]
4013,[ 0.79782546]
4014,[ 0.13759191]
4015,[ 0.83797199]
4016,[ 0.69438434]
4017,[ 0.47774273]
4018,[ 0.62814665]
4019,[ 0.41070682]
4020,[ 0.60279512]
4021,[ 0.51610148]
4022,[ 0.46341395]
4023,[ 0.52921373]
4024,[ 0.5239231]
4025,[ 0.54771167]
4026,[  1.29542912e-06]
4027,[ 0.62078911]
4028,[ 0.72038698]
4029,[ 0.66455412]
4030,[ 0.765194]
4031,[ 0.36788762]
4032,[ 0.54580516]
4033,[ 0.68471497]
4034,[ 0.56053418]
4035,[ 0.35676831]
4036,[ 0.32031208]
4037,[ 0.60279447]
4038,[ 0.48049584]
4039,[ 0.69517702]
4040,[ 0.56022179]
4041,[ 0.60244006]
4042,[ 0.00078405]
4043,[ 0.76859415]
4044,[ 0.64227366]
4045,[ 0.10459465]
4046,[ 0.50333863]
4047,[ 0.62340671]
4048,[ 0.86491042]
4049,[ 0.6862672]
4050,[ 0.02538439]
4051,[ 0.74236625]
4052,[ 0.4438597]
4053,[ 0.48630163]
4054,[ 0.70793033]
4055,[ 0.5231092]
4056,[ 0.62523746]
4057,[ 0.32242814]
4058,[ 0.66350764]
4059,[ 0.00549437]
4060,[ 0.81922191]
4061,[ 0.59074748]
4062,[ 0.0623415]
4063,[ 0.63847661]
4064,[ 0.05485994]
4065,[ 0.54969853]
4066,[ 0.6870805]
4067,[ 0.13052215]
4068,[ 0.46461535]
4069,[ 0.36069542]
4070,[ 0.07969391]
4071,[ 0.58007824]
4072,[ 0.58313465]
4073,[ 0.5765925]
4074,[ 0.50599438]
4075,[ 0.46081206]
4076,[ 0.24655622]
4077,[ 0.40298238]
4078,[ 0.63407123]
4079,[ 0.80355453]
4080,[ 0.05213518]
4081,[ 0.46454141]
4082,[ 0.37887996]
4083,[ 0.69197011]
4084,[ 0.34202069]
4085,[ 0.41317257]
4086,[ 0.02781133]
4087,[ 0.21356906]
4088,[ 0.7782312]
4089,[ 0.47923008]
4090,[ 0.30150002]
4091,[ 0.1031]
4092,[ 0.63506436]
4093,[ 0.67492014]
4094,[ 0.4015637]
4095,[ 0.62788022]
4096,[ 0.07102881]
4097,[ 0.09635475]
4098,[ 0.49538314]
4099,[ 0.53622293]
4100,[ 0.22967719]
4101,[ 0.49237716]
4102,[ 0.25900337]
4103,[ 0.79416144]
4104,[ 0.53442365]
4105,[ 0.17084201]
4106,[ 0.66312277]
4107,[ 0.23882474]
4108,[ 0.60078835]
4109,[ 0.48325005]
4110,[ 0.07220317]
4111,[ 0.71425414]
4112,[ 0.66485959]
4113,[ 0.47689414]
4114,[ 0.11659974]
4115,[ 0.32800376]
4116,[ 0.39934438]
4117,[ 0.76144361]
4118,[ 0.40453216]
4119,[ 0.54294509]
4120,[ 0.73078585]
4121,[ 0.02112477]
4122,[ 0.6344009]
4123,[ 0.0649612]
4124,[ 0.36846924]
4125,[ 0.15452512]
4126,[ 0.71722049]
4127,[ 0.7614367]
4128,[ 0.38424268]
4129,[ 0.74937099]
4130,[ 0.5924412]
4131,[ 0.61464244]
4132,[ 0.08449686]
4133,[ 0.63800925]
4134,[ 0.22386767]
4135,[ 0.09974395]
4136,[ 0.77459377]
4137,[ 0.82824934]
4138,[ 0.45723355]
4139,[ 0.74991858]
4140,[ 0.22555229]
4141,[ 0.59293163]
4142,[ 0.7067917]
4143,[ 0.03128568]
4144,[ 0.60342282]
4145,[ 0.64257753]
4146,[ 0.66241205]
4147,[ 0.67127657]
4148,[ 0.25412583]
4149,[ 0.56893295]
4150,[ 0.59112138]
4151,[ 0.48042473]
4152,[ 0.43034735]
4153,[ 0.56964672]
4154,[ 0.74021918]
4155,[ 0.56004196]
4156,[ 0.24301735]
4157,[ 0.71691543]
4158,[ 0.62966043]
4159,[ 0.09876075]
4160,[ 0.46275261]
4161,[ 0.76624405]
4162,[ 0.79435897]
4163,[ 0.00471098]
4164,[ 0.64073735]
4165,[ 0.76773584]
4166,[ 0.27425393]
4167,[ 0.50801402]
4168,[ 0.80014682]
4169,[ 0.13472378]
4170,[ 0.37707081]
4171,[ 0.77850676]
4172,[ 0.45461234]
4173,[ 0.27982834]
4174,[ 0.60490012]
4175,[ 0.00530619]
4176,[ 0.77929282]
4177,[ 0.76768154]
4178,[ 0.67710251]
4179,[ 0.1136656]
4180,[ 0.12315495]
4181,[ 0.75587499]
4182,[ 0.72987694]
4183,[ 0.72211277]
4184,[ 0.60500324]
4185,[ 0.77530879]
4186,[ 0.64815563]
4187,[ 0.59102976]
4188,[ 0.68900615]
4189,[ 0.13833255]
4190,[ 0.37739691]
4191,[ 0.65297192]
4192,[ 0.45149183]
4193,[ 0.61253774]
4194,[ 0.42217228]
4195,[ 0.0629441]
4196,[ 0.65731734]
4197,[ 0.24298815]
4198,[ 0.84040916]
4199,[ 0.75722867]
4200,[ 0.34370542]
4201,[ 0.82041323]
4202,[ 0.57270902]
4203,[ 0.65084565]
4204,[ 0.60807198]
4205,[ 0.73468781]
4206,[ 0.56154764]
4207,[ 0.43335471]
4208,[ 0.42416683]
4209,[ 0.50631773]
4210,[ 0.72496456]
4211,[ 0.63488466]
4212,[ 0.7313543]
4213,[ 0.69811112]
4214,[ 0.76560193]
4215,[ 0.45677474]
4216,[ 0.37690356]
4217,[ 0.66951317]
4218,[ 0.21125485]
4219,[ 0.34490243]
4220,[ 0.2348354]
4221,[ 0.43113351]
4222,[ 0.66524315]
4223,[ 0.47582251]
4224,[ 0.71091151]
4225,[ 0.69885403]
4226,[ 0.68520272]
4227,[ 0.42222732]
4228,[ 0.69316131]
4229,[ 0.26100987]
4230,[ 0.69406396]
4231,[ 0.55182171]
4232,[ 0.59145081]
4233,[ 0.04574285]
4234,[ 0.65911829]
4235,[ 0.41507956]
4236,[ 0.22257718]
4237,[ 0.6058647]
4238,[ 0.43903369]
4239,[ 0.57933027]
4240,[ 0.09073189]
4241,[ 0.37578365]
4242,[ 0.4898479]
4243,[ 0.60292357]
4244,[ 0.35926357]
4245,[ 0.73312443]
4246,[ 0.64853799]
4247,[ 0.53342742]
4248,[ 0.46557844]
4249,[ 0.49505922]
4250,[ 0.73873919]
4251,[ 0.51888454]
4252,[ 0.71206874]
4253,[ 0.61456752]
4254,[ 0.25441146]
4255,[ 0.84439886]
4256,[ 0.39688006]
4257,[ 0.16242301]
4258,[ 0.01184037]
4259,[ 0.25953597]
4260,[ 0.56414676]
4261,[ 0.59625417]
4262,[ 0.36805794]
4263,[ 0.72815794]
4264,[ 0.32744074]
4265,[ 0.53271961]
4266,[ 0.2275009]
4267,[ 0.71590918]
4268,[ 0.21808776]
4269,[ 0.01236175]
4270,[ 0.32021517]
4271,[ 0.12134277]
4272,[ 0.64651632]
4273,[ 0.77994442]
4274,[ 0.79678208]
4275,[ 0.15479814]
4276,[ 0.35123387]
4277,[ 0.84497428]
4278,[ 0.58234459]
4279,[ 0.79050481]
4280,[ 0.38102114]
4281,[ 0.81434786]
4282,[ 0.64162695]
4283,[ 0.34550229]
4284,[ 0.76782477]
4285,[ 0.60418755]
4286,[ 0.08511514]
4287,[ 0.79369843]
4288,[ 0.28411981]
4289,[ 0.49134785]
4290,[ 0.06912573]
4291,[ 0.56489754]
4292,[ 0.35578007]
4293,[ 0.74412757]
4294,[ 0.58352637]
4295,[ 0.7982766]
4296,[ 0.36138204]
4297,[ 0.69552469]
4298,[ 0.33390647]
4299,[ 0.64070392]
4300,[ 0.73673743]
4301,[ 0.37665674]
4302,[ 0.72471106]
4303,[ 0.88957012]
4304,[ 0.672575]
4305,[ 0.50619876]
4306,[ 0.52291322]
4307,[ 0.23965032]
4308,[ 0.66794014]
4309,[ 0.48208284]
4310,[ 0.00024317]
4311,[ 0.42472467]
4312,[ 0.738976]
4313,[ 0.47553474]
4314,[ 0.58088928]
4315,[ 0.15850787]
4316,[ 0.18019335]
4317,[ 0.72559011]
4318,[ 0.50973988]
4319,[ 0.4313553]
4320,[ 0.78169]
4321,[ 0.56698656]
4322,[ 0.44115046]
4323,[ 0.75458014]
4324,[ 0.38033521]
4325,[ 0.44597316]
4326,[ 0.61875814]
4327,[ 0.72273773]
4328,[ 0.55378729]
4329,[ 0.74077743]
4330,[ 0.50633585]
4331,[ 0.75984263]
4332,[ 0.16851927]
4333,[ 0.65537071]
4334,[ 0.05363516]
4335,[ 0.13516867]
4336,[ 0.30766043]
4337,[ 0.58528495]
4338,[ 0.82799208]
4339,[ 0.26472804]
4340,[ 0.67300236]
4341,[ 0.30423647]
4342,[ 0.18062559]
4343,[ 0.23178183]
4344,[ 0.61467385]
4345,[ 0.65518659]
4346,[ 0.18998185]
4347,[ 0.65008378]
4348,[ 0.19580056]
4349,[ 0.38782507]
4350,[ 0.25357607]
4351,[ 0.74810314]
4352,[ 0.40742156]
4353,[ 0.74099535]
4354,[ 0.35790387]
4355,[ 0.15319864]
4356,[ 0.34271225]
4357,[ 0.84097397]
4358,[ 0.51100075]
4359,[ 0.20920056]
4360,[ 0.7977615]
4361,[ 0.7734791]
4362,[ 0.42294055]
4363,[ 0.35513192]
4364,[ 0.28680161]
4365,[ 0.36512578]
4366,[ 0.3969532]
4367,[ 0.60640776]
4368,[ 0.63818973]
4369,[ 0.58144689]
4370,[ 0.0716187]
4371,[ 0.07448511]
4372,[ 0.56353468]
4373,[ 0.39012921]
4374,[ 0.8683396]
4375,[ 0.35126379]
4376,[ 0.09721194]
4377,[ 0.3533462]
4378,[ 0.13440789]
4379,[ 0.08015105]
4380,[ 0.56321543]
4381,[ 0.03115318]
4382,[ 0.61638725]
4383,[ 0.53808153]
4384,[  6.26670953e-05]
4385,[ 0.0328085]
4386,[ 0.01050651]
4387,[ 0.30431086]
4388,[ 0.44736061]
4389,[ 0.57123196]
4390,[ 0.77030462]
4391,[ 0.28962821]
4392,[ 0.19308424]
4393,[ 0.59660029]
4394,[ 0.62783813]
4395,[ 0.78067732]
4396,[ 0.80362827]
4397,[ 0.66478854]
4398,[ 0.74082583]
4399,[ 0.84985346]
4400,[ 0.66880381]
4401,[ 0.74780887]
4402,[ 0.71831256]
4403,[ 0.71811283]
4404,[ 0.68599963]
4405,[ 0.61158592]
4406,[ 0.77410007]
4407,[ 0.85184914]
4408,[ 0.71387202]
4409,[ 0.27360561]
4410,[ 0.61796755]
4411,[ 0.72665143]
4412,[ 0.44957989]
4413,[ 0.14466463]
4414,[ 0.07119875]
4415,[ 0.35318741]
4416,[ 0.35592666]
4417,[ 0.02064039]
4418,[ 0.7300716]
4419,[ 0.32273903]
4420,[ 0.53038281]
4421,[ 0.59899092]
4422,[ 0.80852431]
4423,[ 0.71255314]
4424,[ 0.10091141]
4425,[ 0.47924042]
4426,[ 0.28751317]
4427,[ 0.00981619]
4428,[ 0.15913446]
4429,[ 0.50326961]
4430,[ 0.48699823]
4431,[ 0.6277349]
4432,[ 0.77248424]
4433,[ 0.65000367]
4434,[ 0.65633363]
4435,[ 0.27180374]
4436,[ 0.13595219]
4437,[ 0.66833818]
4438,[ 0.45302942]
4439,[ 0.73007786]
4440,[ 0.61699027]
4441,[ 0.78077662]
4442,[ 0.81243843]
4443,[ 0.07533238]
4444,[ 0.58003575]
4445,[ 0.55545896]
4446,[ 0.07227392]
4447,[ 0.46387705]
4448,[ 0.68006951]
4449,[ 0.67317343]
4450,[ 0.73539734]
4451,[ 0.53940594]
4452,[ 0.4769685]
4453,[ 0.50553876]
4454,[ 0.75239265]
4455,[ 0.6618219]
4456,[ 0.17457807]
4457,[ 0.6444909]
4458,[ 0.63633901]
4459,[ 0.41218063]
4460,[ 0.56854081]
4461,[ 0.16229905]
4462,[ 0.70127964]
4463,[ 0.6896655]
4464,[ 0.57157165]
4465,[ 0.73429269]
4466,[ 0.41712013]
4467,[ 0.4132815]
4468,[ 0.26358709]
4469,[ 0.48557022]
4470,[ 0.87174225]
4471,[ 0.0693794]
4472,[ 0.55882555]
4473,[ 0.47774348]
4474,[ 0.0025197]
4475,[ 0.71190751]
4476,[ 0.07168181]
4477,[ 0.64075375]
4478,[ 0.05155482]
4479,[ 0.61465096]
4480,[ 0.09199569]
4481,[ 0.1098904]
4482,[ 0.0092133]
4483,[ 0.45020869]
4484,[ 0.70854068]
4485,[ 0.59294379]
4486,[ 0.5368821]
4487,[ 0.62340647]
4488,[ 0.63135904]
4489,[ 0.8324092]
4490,[ 0.36798596]
4491,[ 0.81060869]
4492,[ 0.36795929]
4493,[ 0.5513941]
4494,[ 0.69469953]
4495,[ 0.32221606]
4496,[ 0.65461284]
4497,[ 0.58489561]
4498,[ 0.89883804]
4499,[ 0.58931577]
4500,[ 0.47282863]
4501,[ 0.46623808]
4502,[ 0.63781327]
4503,[ 0.32192031]
4504,[ 0.77406389]
4505,[ 0.79491818]
4506,[ 0.38739389]
4507,[ 0.1752685]
4508,[ 0.43834251]
4509,[ 0.69293642]
4510,[ 0.59744656]
4511,[ 0.66193104]
4512,[ 0.60337383]
4513,[ 0.60656989]
4514,[ 0.54861271]
4515,[ 0.75002271]
4516,[ 0.14895636]
4517,[ 0.00667482]
4518,[ 0.21749893]
4519,[ 0.68154705]
4520,[ 0.42010358]
4521,[ 0.29063118]
4522,[ 0.48531154]
4523,[ 0.69396299]
4524,[ 0.19534762]
4525,[ 0.73639154]
4526,[ 0.41839612]
4527,[ 0.25108635]
4528,[ 0.70898825]
4529,[ 0.5862813]
4530,[ 0.74161279]
4531,[ 0.69860566]
4532,[ 0.75641602]
4533,[ 0.59019095]
4534,[ 0.77237225]
4535,[ 0.42416072]
4536,[ 0.49260235]
4537,[ 0.81915367]
4538,[ 0.04282486]
4539,[ 0.35263294]
4540,[ 0.72892505]
4541,[ 0.52387863]
4542,[ 0.60182995]
4543,[ 0.72974712]
4544,[ 0.36065194]
4545,[ 0.30408692]
4546,[ 0.64122665]
4547,[ 0.08462701]
4548,[ 0.422025]
4549,[ 0.54591209]
4550,[ 0.59035939]
4551,[ 0.17629854]
4552,[ 0.81317222]
4553,[ 0.63940805]
4554,[ 0.4205333]
4555,[ 0.15760787]
4556,[ 0.14840259]
4557,[ 0.7183187]
4558,[ 0.61505687]
4559,[ 0.53745705]
4560,[ 0.84080911]
4561,[ 0.65460825]
4562,[ 0.17705363]
4563,[ 0.17342533]
4564,[ 0.28684613]
4565,[ 0.82982272]
4566,[ 0.69336641]
4567,[ 0.65560275]
4568,[ 0.6037783]
4569,[ 0.75055987]
4570,[ 0.82129639]
4571,[ 0.19264902]
4572,[ 0.7728219]
4573,[ 0.54949439]
4574,[ 0.31153548]
4575,[ 0.14140894]
4576,[ 0.58885807]
4577,[ 0.65312165]
4578,[ 0.05671774]
4579,[ 0.24470074]
4580,[ 0.82210815]
4581,[ 0.09895302]
4582,[ 0.5819546]
4583,[ 0.11466844]
4584,[ 0.30786008]
4585,[ 0.04717851]
4586,[ 0.74120909]
4587,[ 0.61294407]
4588,[ 0.66339254]
4589,[ 0.08406576]
4590,[ 0.21127191]
4591,[ 0.12292929]
4592,[ 0.8041513]
4593,[ 0.12301195]
4594,[ 0.71178716]
4595,[ 0.79300165]
4596,[ 0.31803018]
4597,[ 0.10524859]
4598,[ 0.68100417]
4599,[ 0.49212977]
4600,[ 0.59704316]
4601,[ 0.68505329]
4602,[ 0.80491525]
4603,[ 0.71280599]
4604,[ 0.583318]
4605,[ 0.00972962]
4606,[ 0.69474638]
